Workbook

Sheet (旧)ﾍﾞﾝﾀﾞｰ小型
A1: Ｓｅｒ． | B1: 生産月 | C1: Ｎｏ． | D1: 機種名 | E1: 顧客 | F1: 仕様機種名 | G1: 仕様分類 | H1: 機種品番 | I1: 確定仕様書NO | J1: 着手日 | K1: 完成予定日
A3: TS13329056 | B3: 09月 | C3: 001 | D3: EGB1303ARE_EXP | E3: ＡＭＡＤＡ ＡＭＥＲＩＣＡ ＩＮＣ． | F3: EGB1303ARE-E | G3: STD | H3: 0E1859 | I3: BDA1314 | J3: 2026/08/01 | K3: 2026/09/08
A4: TS13399252 | B4: 09月 | C4: 002 | D4: EGB1303AE_EXP | E4: Ａｍａｄａ Ｏｃｅａｎｉａ Ｐｔｙ Ｌｔ | F4: EGB1303AE-E | G4: STD | H4: 0E1243 | I4: OCE0062 | J4: 2026/08/05 | K4: 2026/09/02
A5: TS13399247 | B5: 09月 | C5: 003 | D5: EGB1303AE | E5: （株）アマダベンディングＳ部 | F5: EGB1303AE-J | G5: STD | H5: 0D9621 | J5: 2026/08/06 | K5: 2026/09/03
A6: TS62077151 | B6: 09月 | C6: 004 | D6: EGB6020E_EXP | E6: ＡＭＡＤＡ ＡＭＥＲＩＣＡ ＩＮＣ． | F6: EGB6020E-E | G6: LZS+BIS+AF | H6: 0D7905 | I6: BDA1290 | J6: 2026/08/06 | K6: 2026/08/29
A7: TS13399248 | B7: 09月 | C7: 005 | D7: EGB1303AE | E7: （株）アマダベンディングＳ部 | F7: EGB1303AE-J | G7: STD | H7: 0D9621 | J7: 2026/08/08 | K7: 2026/09/05
A8: TS13377319 | B8: 09月 | C8: 006 | D8: EGB1303E_EXP | E8: ＡＭＡＤＡ ＣＡＮＡＤＡ ＬＴＤ． | F8: EGB1303E-E | G8: LZS+BIS+AF | H8: 0D9825 | I8: BDA1315 | J8: 2026/08/08 | K8: 2026/09/02
A9: TS13377320 | B9: 09月 | C9: 007 | D9: EGB1303E_EXP | E9: 【OCEANIA】Fuji Harwal | F9: EGB1303E-E | G9: LZS+BIS+AF | H9: 0D9825 | I9: OCE0061 | J9: 2026/08/08 | K9: 2026/09/02
A10: TS13377310 | B10: 09月 | C10: 008 | D10: EGB1303E | E10: （株）アマダベンディングＳ部 | F10: EGB1303E-J | G10: LZS+BIS | H10: 0D9824 | J10: 2026/08/18 | K10: 2026/09/02
A11: TS62077145 | B11: 09月 | C11: 009 | D11: EGB6020E | E11: （株）朝陽 | F11: EGB6020E-J | G11: LZS+BIS | H11: 0D7255 | I11: 193791 | J11: 2026/08/18 | K11: 2026/09/02
A12: TS62077144 | B12: 09月 | C12: 010 | D12: EGB6020E | F12: EGB6020E-J | G12: LZS+BIS | H12: 0D7255 | I12: 182674 | J12: 2026/08/19 | K12: 2026/09/03
A13: TS60299196 | B13: 09月 | C13: 011 | D13: EGB6020AE_EXP | E13: ＡＭＡＤＡ ＴＡＩＷＡＮ ＩＮＣ． | F13: EGB6020AE-E | G13: STD | H13: 0D8050 | I13: TW0502 | J13: 2026/08/19 | K13: 2026/09/09
A14: TS82577271 | B14: 09月 | C14: 012 | D14: EGB8025E | E14: エアコンスター（株） | F14: EGB8025E-J | G14: LZS+BIS | H14: 0E1240 | I14: 182685 | J14: 2026/08/19 | K14: 2026/09/03
A15: TS60299192 | B15: 09月 | C15: 013 | D15: EGB6020AE | E15: （株）廣澤精機製作所 | F15: EGB6020AE-J | G15: STD | H15: 0D7904 | I15: 193748 | J15: 2026/08/21 | K15: 2026/09/11
A16: TS82577278 | B16: 09月 | C16: 014 | D16: EGB8025E_EXP | E16: アマダアジアパシフィック | F16: EGB8025E-E | G16: LZS+BIS+AF | H16: 0E1858 | I16: ASB0893 | J16: 2026/08/21 | K16: 2026/09/08
A17: TS13399246 | B17: 09月 | C17: 015 | D17: EGB1303AE | E17: （株）廣澤精機製作所 | F17: EGB1303AE-J | G17: STD | H17: 0D9621 | I17: 193750 | J17: 2026/08/22 | K17: 2026/09/15
A18: TS82577269 | B18: 09月 | C18: 016 | D18: EGB8025E | E18: （株）ツカタ | F18: EGB8025E-J | G18: LZS+BIS | H18: 0E1240 | I18: 183633 | J18: 2026/08/22 | K18: 2026/09/08
A19: TS82577277 | B19: 09月 | C19: 017 | D19: EGB8025E_EXP | E19: ＡＭＡＤＡ ＡＭＥＲＩＣＡ ＩＮＣ． | F19: EGB8025E-E | G19: LZS+BIS+AF | H19: 0E1858 | I19: BDA1309 | J19: 2026/08/22 | K19: 2026/09/09
A20: TS13399245 | B20: 09月 | C20: 018 | D20: EGB1303AE | E20: （株）廣澤精機製作所 | F20: EGB1303AE-J | G20: STD | H20: 0D9621 | I20: 193749 | J20: 2026/08/26 | K20: 2026/09/17
A21: TS13377312 | B21: 09月 | C21: 019 | D21: EGB1303E | E21: （株）アマダベンディングＳ部 | F21: EGB1303E-J | G21: LZS+BIS | H21: 0D9824 | J21: 2026/08/26 | K21: 2026/09/11
A22: TS13377321 | B22: 09月 | C22: 020 | D22: EGB1303E_EXP | E22: ＡＭＡＤＡ ＡＭＥＲＩＣＡ ＩＮＣ． | F22: EGB1303E-E | G22: LZS+BIS+AF | H22: 0D9825 | I22: BDA1298 | J22: 2026/08/26 | K22: 2026/09/12
A23: TS13329993 | B23: 09月 | C23: 021 | D23: EGB1303E | F23: EGB1303E-J | G23: STD | H23: 0F5059 | J23: 2026/08/27 | K23: 2026/09/30
A24: TS82577266 | B24: 09月 | C24: 022 | D24: EGB8025E | E24: （株）アマダベンディングＳ部 | F24: EGB8025E-J | G24: LZS+BIS | H24: 0E1240 | J24: 2026/08/27 | K24: 2026/09/12
A25: TS13377322 | B25: 09月 | C25: 023 | D25: EGB1303E_EXP | E25: ＡＭＡＤＡ ＡＭＥＲＩＣＡ ＩＮＣ． | F25: EGB1303E-E | G25: LZS+BIS+AF | H25: 0D9825 | I25: BDA1299 | J25: 2026/08/27 | K25: 2026/09/15
A26: TS82577268 | B26: 09月 | C26: 024 | D26: EGB8025E | E26: エース機工（株） | F26: EGB8025E-J | G26: LZS+BIS | H26: 0E1240 | I26: 193793 | J26: 2026/08/29 | K26: 2026/09/16
A27: TS60299201 | B27: 09月 | C27: 025 | D27: EGB6020AE_CE | E27: 【AESA】AMADA ITALIA (IT 299154) | F27: EGB6020AE-C | G27: STD | H27: 0G3964 | I27: BDE0162 | J27: 2026/08/29 | K27: 2026/09/24
A28: TS82577267 | B28: 09月 | C28: 026 | D28: EGB8025E | E28: （株）アマダベンディングＳ部 | F28: EGB8025E-J | G28: LZS+BIS | H28: 0E1240 | J28: 2026/09/01 | K28: 2026/09/17
A29: TS82577270 | B29: 09月 | C29: 027 | D29: EGB8025E | E29: （株）アマダベンディングＳ部 | F29: EGB8025E-J | G29: LZS+BIS | H29: 0E1240 | J29: 2026/09/01 | K29: 2026/09/17
A30: TS13399255 | B30: 09月 | C30: 028 | D30: EGB1303AE_EXP | E30: ＡＭＡＤＡ ＡＭＥＲＩＣＡ ＩＮＣ． | F30: EGB1303AE-E | G30: STD | H30: 0E1243 | I30: BDA1313 | J30: 2026/09/01 | K30: 2026/09/25
A31: TS13377311 | B31: 09月 | C31: 029 | D31: EGB1303E | E31: （株）アマダベンディングＳ部 | F31: EGB1303E-J | G31: LZS+BIS | H31: 0D9824 | J31: 2026/09/03 | K31: 2026/09/19
A32: TS13377315 | B32: 09月 | C32: 030 | D32: EGB1303E | E32: （株）アマダベンディングＳ部 | F32: EGB1303E-J | G32: LZS+BIS | H32: 0D9824 | J32: 2026/09/03 | K32: 2026/09/19
A33: TS60299202 | B33: 09月 | C33: 031 | D33: EGB6020AE_CE | E33: 【AESA】TAVECCHIO( EX AITALIA) | F33: EGB6020AE-C | G33: STD | H33: 0G3964 | I33: BDE0163 | J33: 2026/09/03 | K33: 2026/09/29
A34: TS62077154 | B34: 09月 | C34: 032 | D34: EGB6020E_EXP | E34: ＡＭＡＤＡ ＡＭＥＲＩＣＡ ＩＮＣ． | F34: EGB6020E-E | G34: LZS+BIS+AF | H34: 0D7905 | I34: BDA1304 | J34: 2026/09/05 | K34: 2026/09/26
A35: TS13377323 | B35: 09月 | C35: 033 | D35: EGB1303E_EXP | E35: ＡＭＡＤＡ ＡＭＥＲＩＣＡ ＩＮＣ． | F35: EGB1303E-E | G35: LZS+BIS+AF | H35: 0D9825 | I35: BDA1300 | J35: 2026/09/05 | K35: 2026/09/26
A36: TS62077153 | B36: 09月 | C36: 034 | D36: EGB6020E_EXP | E36: ＡＭＡＤＡ ＡＭＥＲＩＣＡ ＩＮＣ． | F36: EGB6020E-E | G36: LZS+BIS+AF | H36: 0D7905 | I36: BDA1303 | J36: 2026/09/08 | K36: 2026/09/29
A37: TS62077155 | B37: 09月 | C37: 035 | D37: EGB6020E_EXP | E37: ＡＭＡＤＡ ＡＭＥＲＩＣＡ ＩＮＣ． | F37: EGB6020E-E | G37: LZS+BIS+AF | H37: 0D7905 | I37: BDA1305 | J37: 2026/09/08 | K37: 2026/09/29
A38: TS82577276 | B38: 09月 | C38: 036 | D38: EGB8025E_EXP | E38: ＡＭＡＤＡ ＡＭＥＲＩＣＡ ＩＮＣ． | F38: EGB8025E-E | G38: LZS+BIS+AF | H38: 0E1858 | I38: BDA1308 | J38: 2026/09/09 | K38: 2026/09/30
A39: TS82577279 | B39: 09月 | C39: 037 | D39: EGB8025E_EXP | E39: ＡＭＡＤＡ ＴＡＩＷＡＮ ＩＮＣ． | F39: EGB8025E-E | G39: LZS+BIS+AF | H39: 0E1858 | I39: TW0508 | J39: 2026/09/09 | K39: 2026/09/30
A40: TS13377327 | B40: 10月 | C40: 001 | D40: EGB1303E_EXP | E40: 【ベトナム】Thu？n Nhat | F40: EGB1303E-E | G40: LZS+BIS+AF | H40: 0D9825 | I40: ASB0890 | J40: 2026/09/12 | K40: 2026/09/30
A41: TS62077156 | B41: 10月 | C41: 002 | D41: EGB6020E_EXP | E41: ＡＭＡＤＡ ＡＭＥＲＩＣＡ ＩＮＣ． | F41: EGB6020E-E | G41: LZS+BIS+AF | H41: 0D7905 | I41: BDA1343 | J41: 2026/09/12 | K41: 2026/10/01
A42: TS13377336 | B42: 10月 | C42: 003 | D42: EGB1303E | E42: （株）新興産業 | F42: EGB1303E-J | G42: LZS+BIS | H42: 0D9824 | I42: 194878 | J42: 2026/09/16 | K42: 2026/10/02
A43: TS60299199 | B43: 10月 | C43: 004 | D43: EGB6020AE | E43: （株）アマダベンディングＳ部 | F43: EGB6020AE-J | G43: STD | H43: 0D7904 | J43: 2026/09/16 | K43: 2026/10/07
A44: TS13377331 | B44: 10月 | C44: 005 | D44: EGB1303E_EXP | E44: 【インド】AEROTYNE INDUSTRY PVT LTD. | F44: EGB1303E-E | G44: LZS+BIS+AF | H44: 0D9825 | I44: BDH0619 | J44: 2026/09/16 | K44: 2026/10/02
A45: TS13377328 | B45: 10月 | C45: 006 | D45: EGB1303E | E45: （株）アマダベンディングＳ部 | F45: EGB1303E-J | G45: LZS+BIS | H45: 0D9824 | J45: 2026/09/17 | K45: 2026/10/03
A46: TS82577283 | B46: 10月 | C46: 007 | D46: EGB8025E_EXP | E46: ＡＭＡＤＡ ＡＭＥＲＩＣＡ ＩＮＣ． | F46: EGB8025E-E | G46: LZS+BIS+AF | H46: 0E1858 | I46: BDA1352 | J46: 2026/09/17 | K46: 2026/10/06
A47: TS60299191 | B47: 10月 | C47: 008 | D47: EGB6020AE_EXP | E47: ＡＭＡＤＡ ＣＡＮＡＤＡ ＬＴＤ． | F47: EGB6020AE-E | G47: STD | H47: 0D8050 | I47: BDA1334 | J47: 2026/09/17 | K47: 2026/10/09
A48: TS60299200 | B48: 10月 | C48: 009 | D48: EGB6020AE | E48: 関東精工（株） | F48: EGB6020AE-J | G48: STD | H48: 0D7904 | I48: 195996 | J48: 2026/09/18 | K48: 2026/10/09
A49: TS13377330 | B49: 10月 | C49: 010 | D49: EGB1303E_EXP | E49: 【タイ】Taiwan Metal Precision(Thailand) | F49: EGB1303E-E | G49: LZS+BIS+AF | H49: 0D9825 | I49: ASB0906 | J49: 2026/09/18 | K49: 2026/10/06
A50: TS13377332 | B50: 10月 | C50: 011 | D50: EGB1303E_EXP | E50: ＡＭＡＤＡ ＣＡＮＡＤＡ ＬＴＤ． | F50: EGB1303E-E | G50: LZS+BIS+AF | H50: 0D9825 | I50: BDA1332 | J50: 2026/09/18 | K50: 2026/10/06
A51: TS13399260 | B51: 10月 | C51: 012 | D51: EGB1303AE | E51: （株）アマダベンディングＳ部 | F51: EGB1303AE-J | G51: STD | H51: 0D9621 | J51: 2026/09/19 | K51: 2026/10/10
A52: TS82577288 | B52: 10月 | C52: 013 | D52: EGB8025E | E52: フクシマガリレイ（株） | F52: EGB8025E-J | G52: LZS+BIS | H52: 0E1240 | I52: 194881 | J52: 2026/09/19 | K52: 2026/10/07
A53: TS62077157 | B53: 10月 | C53: 014 | D53: EGB6020E_EXP | E53: ＡＭＡＤＡ ＣＡＮＡＤＡ ＬＴＤ． | F53: EGB6020E-E | G53: LZS+BIS+AF | H53: 0D7905 | I53: BDA1347 | J53: 2026/09/19 | K53: 2026/10/08
A54: TS13377326 | B54: 10月 | C54: 015 | D54: EGB1303E | E54: 文化シヤッター（株） | F54: EGB1303E-J | G54: LZS+BIS | H54: 0D9824 | I54: 193755 | J54: 2026/09/24 | K54: 2026/10/07
A55: TS13399257 | B55: 10月 | C55: 016 | D55: EGB1303AE_EXP | E55: ＡＭＡＤＡ ＣＡＮＡＤＡ ＬＴＤ． | F55: EGB1303AE-E | G55: STD | H55: 0E1243 | I55: BDA1326 | J55: 2026/09/24 | K55: 2026/10/13
A56: TS82577284 | B56: 10月 | C56: 017 | D56: EGB8025E_EXP | E56: 【ベトナム】Department of Metrology & St | F56: EGB8025E-E | G56: LZS+BIS+AF | H56: 0E1858 | I56: ASB0901 | J56: 2026/09/24 | K56: 2026/10/08
A57: TS13377337 | B57: 10月 | C57: 018 | D57: EGB1303E | E57: アートテックス（株） | F57: EGB1303E-J | G57: LZS+BIS | H57: 0D9824 | I57: 194877 | J57: 2026/09/25 | K57: 2026/10/08
A58: TS62077160 | B58: 10月 | C58: 019 | D58: EGB6020E | E58: （株）広島メタルワーク | F58: EGB6020E-J | G58: LZS+BIS | H58: 0D7255 | I58: 195950 | J58: 2026/09/26 | K58: 2026/10/10
A59: TS82577289 | B59: 10月 | C59: 020 | D59: EGB8025E | E59: フクシマガリレイ（株） | F59: EGB8025E-J | G59: LZS+BIS | H59: 0E1240 | I59: 194882 | J59: 2026/09/26 | K59: 2026/10/09
A60: TS13329057 | B60: 10月 | C60: 021 | D60: EGB1303ARE_EXP | E60: 【TAIWAN】展示機 | F60: EGB1303ARE-E | G60: STD | H60: 0E1859 | I60: TW0511 | J60: 2026/09/26 | K60: 2026/10/23
A61: TS13399256 | B61: 10月 | C61: 022 | D61: EGB1303AE | E61: （株）スミヨシ | F61: EGB1303AE-J | G61: STD | H61: 0D9621 | I61: 194826 | J61: 2026/09/29 | K61: 2026/10/16
A62: TS60299197 | B62: 10月 | C62: 023 | D62: EGB6020AE_EXP | E62: ＡＭＡＤＡ ＡＭＥＲＩＣＡ ＩＮＣ． | F62: EGB6020AE-E | G62: STD | H62: 0D8050 | I62: BDA1329 | J62: 2026/09/29 | K62: 2026/10/16
A63: TS82577294 | B63: 10月 | C63: 024 | D63: EGB8025E | E63: だいわ（株） | F63: EGB8025E-J | G63: LZS+BIS | H63: 0E1240 | I63: 194885 | J63: 2026/09/29 | K63: 2026/10/10
A64: GC82508021 | B64: 10月 | C64: 025 | D64: HG8025C | E64: （株）関根製作所 | F64: HG8025C-J | G64: STD | H64: 0A6483 | I64: 111533 | J64: 2026/10/01 | K64: 2026/10/10
A65: TS13399259 | B65: 10月 | C65: 026 | D65: EGB1303AE | E65: （株）アマダベンディングＳ部 | F65: EGB1303AE-J | G65: STD | H65: 0D9621 | J65: 2026/10/01 | K65: 2026/10/21
A66: TS82577292 | B66: 10月 | C66: 027 | D66: EGB8025E | E66: （株）共和電機製作所 | F66: EGB8025E-J | G66: LZS+BIS | H66: 0E1240 | I66: 194875 | J66: 2026/10/01 | K66: 2026/10/14
A67: TS13399261 | B67: 10月 | C67: 028 | D67: EGB1303AE_EXP | E67: ＡＭＡＤＡ ＡＭＥＲＩＣＡ ＩＮＣ． | F67: EGB1303AE-E | G67: STD | H67: 0E1243 | I67: BDA1327 | J67: 2026/10/01 | K67: 2026/10/21
A68: TS13399254 | B68: 10月 | C68: 029 | D68: EGB1303AE_EXP | E68: ＡＭＡＤＡ （ＵＫ） ＪＯＨＡＮＮＥＳＢ | F68: EGB1303AE-E | G68: STD | H68: 0E1243 | I68: ASB0904 | J68: 2026/10/03 | K68: 2026/10/23
A69: TS13377334 | B69: 10月 | C69: 030 | D69: EGB1303E_EXP | E69: ＡＭＡＤＡ ＡＭＥＲＩＣＡ ＩＮＣ． | F69: EGB1303E-E | G69: LZS+BIS+AF | H69: 0D9825 | I69: BDA1338 | J69: 2026/10/03 | K69: 2026/10/20
A70: TS13399262 | B70: 10月 | C70: 031 | D70: EGB1303AE_EXP | E70: ＡＭＡＤＡ ＴＡＩＷＡＮ ＩＮＣ． | F70: EGB1303AE-E | G70: STD | H70: 0E1243 | I70: TW0510 | J70: 2026/10/03 | K70: 2026/10/23
A71: TS82577291 | B71: 10月 | C71: 032 | D71: EGB8025E | E71: フクシマガリレイ（株） | F71: EGB8025E-J | G71: LZS+BIS | H71: 0E1240 | I71: 194884 | J71: 2026/10/06 | K71: 2026/10/20
A72: TS60299193 | B72: 10月 | C72: 033 | D72: EGB6020AE_EXP | E72: ＡＭＡＤＡ ＡＭＥＲＩＣＡ ＩＮＣ． | F72: EGB6020AE-E | G72: STD | H72: 0D8050 | I72: BDA1328 | J72: 2026/10/06 | K72: 2026/10/24
A73: TS82577293 | B73: 10月 | C73: 034 | D73: EGB8025E | E73: （株）アマダベンディングＳ部 | F73: EGB8025E-J | G73: LZS+BIS | H73: 0E1240 | J73: 2026/10/06 | K73: 2026/10/20
A74: TS60299203 | B74: 10月 | C74: 035 | D74: EGB6020AE | E74: （株）アマダベンディングＳ部 | F74: EGB6020AE-J | G74: STD | H74: 0D7904 | J74: 2026/10/07 | K74: 2026/10/24
A75: TS82577290 | B75: 10月 | C75: 036 | D75: EGB8025E | E75: フクシマガリレイ（株） | F75: EGB8025E-J | G75: LZS+BIS | H75: 0E1240 | I75: 194883 | J75: 2026/10/07 | K75: 2026/10/21
A76: TS82577285 | B76: 10月 | C76: 037 | D76: EGB8025E_EXP | E76: ＡＭＡＤＡ ＡＭＥＲＩＣＡ ＩＮＣ． | F76: EGB8025E-E | G76: LZS+BIS+AF | H76: 0E1858 | I76: BDA1345 | J76: 2026/10/07 | K76: 2026/10/22
A77: TS13399258 | B77: 10月 | C77: 038 | D77: EGB1303AE | E77: （株）バンテクニカ | F77: EGB1303AE-J | G77: STD | H77: 0D9621 | I77: 195990 | J77: 2026/10/08 | K77: 2026/10/28
A78: TS13377338 | B78: 10月 | C78: 039 | D78: EGB1303E | E78: （株）アマダベンディングＳ部 | F78: EGB1303E-J | G78: LZS+BIS | H78: 0D9824 | J78: 2026/10/08 | K78: 2026/10/22
A79: TS62077159 | B79: 10月 | C79: 040 | D79: EGB6020E_EXP | E79: ＡＭＡＤＡ ＡＭＥＲＩＣＡ ＩＮＣ． | F79: EGB6020E-E | G79: LZS+BIS+AF | H79: 0D7905 | I79: BDA1348 | J79: 2026/10/08 | K79: 2026/10/24
A80: TS82577282 | B80: 10月 | C80: 041 | D80: EGB8025E_EXP | E80: ＡＭＡＤＡ ＴＡＩＷＡＮ ＩＮＣ． | F80: EGB8025E-E | G80: LZS+BIS+AF | H80: 0E1858 | I80: TW0525 | J80: 2026/10/09 | K80: 2026/10/24
A81: TS13399263 | B81: 10月 | C81: 042 | D81: EGB1303AE_EXP | E81: ＡＭＡＤＡ ＫＯＲＥＡ ＣＯ．，ＬＴＤ． | F81: EGB1303AE-E | G81: STD | H81: 0E1243 | I81: ASP0300 | J81: 2026/10/09 | K81: 2026/10/31
A82: TS82577286 | B82: 10月 | C82: 043 | D82: EGB8025E_EXP | E82: ＡＭＡＤＡ ＣＡＮＡＤＡ ＬＴＤ． | F82: EGB8025E-E | G82: LZS+BIS+AF | H82: 0E1858 | I82: BDA1349 | J82: 2026/10/09 | K82: 2026/10/24
A83: TS13377329 | B83: 10月 | C83: 044 | D83: EGB1303E | E83: （有）石井製作所 | F83: EGB1303E-J | G83: LZS+BIS | H83: 0D9824 | I83: 194812 | J83: 2026/10/13 | K83: 2026/10/27
A84: TS13377335 | B84: 10月 | C84: 045 | D84: EGB1303E_EXP | E84: ＡＭＡＤＡ ＫＯＲＥＡ ＣＯ．，ＬＴＤ． | F84: EGB1303E-E | G84: LZS+BIS+AF | H84: 0D9825 | I84: ASB0905 | J84: 2026/10/13 | K84: 2026/10/28
A85: TS13377333 | B85: 10月 | C85: 046 | D85: EGB1303E_EXP | E85: ＡＭＡＤＡ ＡＭＥＲＩＣＡ ＩＮＣ． | F85: EGB1303E-E | G85: LZS+BIS+AF | H85: 0D9825 | I85: BDA1337 | J85: 2026/10/15 | K85: 2026/10/30
A86: TS62077158 | B86: 10月 | C86: 047 | D86: EGB6020E_EXP | E86: ＡＭＡＤＡ ＡＭＥＲＩＣＡ ＩＮＣ． | F86: EGB6020E-E | G86: LZS+BIS+AF | H86: 0D7905 | I86: BDA1344 | J86: 2026/10/15 | K86: 2026/10/31
A87: TS82577287 | B87: 10月 | C87: 048 | D87: EGB8025E_EXP | E87: ＡＭＡＤＡ ＣＡＮＡＤＡ ＬＴＤ． | F87: EGB8025E-E | G87: LZS+BIS+AF | H87: 0E1858 | I87: BDA1350 | J87: 2026/10/15 | K87: 2026/10/30
A88: TS60299204 | B88: 11月 | C88: 001 | D88: EGB6020AE_EXP | E88: ＡＭＡＤＡ ＡＭＥＲＩＣＡ ＩＮＣ． | F88: EGB6020AE-E | G88: STD | H88: 0D8050 | I88: BDA1360 | J88: 2026/10/10 | K88: 2026/10/30
A89: TS60299205 | B89: 11月 | C89: 002 | D89: EGB6020AE_EXP | E89: ＡＭＡＤＡ ＣＡＮＡＤＡ ＬＴＤ． | F89: EGB6020AE-E | G89: STD | H89: 0D8050 | I89: BDA1366 | J89: 2026/10/13 | K89: 2026/10/31
A90: TS13329058 | B90: 11月 | C90: 003 | D90: EGB1303ARE_EXP | E90: ＡＭＡＤＡ ＡＭＥＲＩＣＡ ＩＮＣ． | F90: EGB1303ARE-E | G90: STD | H90: 0E1859 | I90: BDA1357 | J90: 2026/10/16 | K90: 2026/11/13
... A108: TS13399270 | B108: 11月 | C108: 021 | D108: EGB1303AE | E108: 旭陽電機（株） | F108: EGB1303AE-J | G108: STD | H108: 0D9621 | I108: 195989 | J108: 2026/10/29 | K108: 2026/11/17
A109: TS13377347 | B109: 11月 | C109: 022 | D109: EGB1303E | E109: （株）アマダベンディングＳ部 | F109: EGB1303E-J | G109: LZS+BIS | H109: 0D9824 | J109: 2026/10/29 | K109: 2026/11/12
A110: TS13377346 | B110: 11月 | C110: 023 | D110: EGB1303E | E110: （株）ＩＬＣ | F110: EGB1303E-J | G110: LZS+BIS | H110: 0D9824 | I110: 195920 | J110: 2026/10/29 | K110: 2026/11/12
A111: TS13377345 | B111: 11月 | C111: 024 | D111: EGB1303E | E111: （株）アマダベンディングＳ部 | F111: EGB1303E-J | G111: LZS+BIS | H111: 0D9824 | J111: 2026/10/31 | K111: 2026/11/14
A112: TS82577301 | B112: 11月 | C112: 025 | D112: EGB8025E | E112: （有）山口製作所 | F112: EGB8025E-J | G112: LZS+BIS | H112: 0E1240 | I112: 194873 | J112: 2026/10/31 | K112: 2026/11/14
A113: TS13399266 | B113: 11月 | C113: 026 | D113: EGB1303AE_EXP | E113: ＡＭＡＤＡ ＡＭＥＲＩＣＡ ＩＮＣ． | F113: EGB1303AE-E | G113: STD | H113: 0E1243 | I113: BDA1355 | J113: 2026/10/31 | K113: 2026/11/19
A114: TS60299209 | B114: 11月 | C114: 027 | D114: EGB6020AE | E114: 鹿児島ケース（株） | F114: EGB6020AE-J | G114: STD | H114: 0D7904 | I114: 195939 | J114: 2026/11/05 | K114: 2026/11/21
A115: TS62077162 | B115: 11月 | C115: 028 | D115: EGB6020E | E115: 大和冷機工業（株） | F115: EGB6020E-J | G115: LZS+BIS | H115: 0D7255 | I115: 194871 | J115: 2026/11/05 | K115: 2026/11/18
A116: TS82577298 | B116: 11月 | C116: 029 | D116: EGB8025E_EXP | E116: ＡＭＡＤＡ ＡＭＥＲＩＣＡ ＩＮＣ． | F116: EGB8025E-E | G116: LZS+BIS+AF | H116: 0E1858 | I116: BDA1376 | J116: 2026/11/05 | K116: 2026/11/18
A117: TS60299208 | B117: 11月 | C117: 030 | D117: EGB6020AE | E117: 徳山興産（株） | F117: EGB6020AE-J | G117: STD | H117: 0D7904 | I117: 195919 | J117: 2026/11/06 | K117: 2026/11/24
A118: TS13377341 | B118: 11月 | C118: 031 | D118: EGB1303E_EXP | E118: ＡＭＡＤＡ ＣＡＮＡＤＡ ＬＴＤ． | F118: EGB1303E-E | G118: LZS+BIS+AF | H118: 0D9825 | I118: BDA1364 | J118: 2026/11/06 | K118: 2026/11/19
...

Sheet (新)ﾍﾞﾝﾀﾞｰ小型
A1: Ｓｅｒ． | B1: 生産月 | C1: Ｎｏ． | D1: 機種名 | E1: 顧客 | F1: 仕様機種名 | G1: 仕様分類 | H1: 機種品番 | I1: 確定仕様書NO | J1: 着手日 | K1: 完成予定日
A3: TS13329056 | B3: 10月 | C3: 001 | D3: EGB1303ARE_EXP | E3: ＡＭＡＤＡ ＡＭＥＲＩＣＡ ＩＮＣ． | F3: EGB1303ARE-E | G3: STD | H3: 0E1859 | I3: BDA1314 | J3: 2026/08/01 | K3: 2026/09/08
A4: TS13399252 | B4: 10月 | C4: 002 | D4: EGB1303AE_EXP | E4: Ａｍａｄａ Ｏｃｅａｎｉａ Ｐｔｙ Ｌｔ | F4: EGB1303AE-E | G4: STD | H4: 0E1243 | I4: OCE0062 | J4: 2026/08/05 | K4: 2026/09/02
A5: TS13399248 | B5: 10月 | C5: 003 | D5: EGB1303AE | E5: （株）アマダベンディングＳ部 | F5: EGB1303AE-J | G5: STD | H5: 0D9621 | J5: 2026/08/08 | K5: 2026/09/04
A6: TS60299196 | B6: 10月 | C6: 004 | D6: EGB6020AE_EXP | E6: ＡＭＡＤＡ ＴＡＩＷＡＮ ＩＮＣ． | F6: EGB6020AE-E | G6: STD | H6: 0D8050 | I6: TW0502 | J6: 2026/08/19 | K6: 2026/09/08
A7: TS13377312 | B7: 10月 | C7: 005 | D7: EGB1303E | E7: （株）アマダベンディングＳ部 | F7: EGB1303E-J | G7: LZS+BIS | H7: 0D9824 | J7: 2026/08/26 | K7: 2026/09/09
A8: TS13377321 | B8: 10月 | C8: 006 | D8: EGB1303E_EXP | E8: ＡＭＡＤＡ ＡＭＥＲＩＣＡ ＩＮＣ． | F8: EGB1303E-E | G8: LZS+BIS+AF | H8: 0D9825 | I8: BDA1298 | J8: 2026/08/26 | K8: 2026/09/11
A9: TS13329993 | B9: 10月 | C9: 007 | D9: EGB1303E | F9: EGB1303E-J | G9: STD | H9: 0F5059 | J9: 2026/08/27 | K9: 2026/09/08
A10: TS82577266 | B10: 10月 | C10: 008 | D10: EGB8025E | E10: だいわ（株） | F10: EGB8025E-J | G10: LZS+BIS | H10: 0E1240 | I10: 194885 | J10: 2026/08/27 | K10: 2026/09/11
A11: TS13377322 | B11: 10月 | C11: 009 | D11: EGB1303E_EXP | E11: ＡＭＡＤＡ ＡＭＥＲＩＣＡ ＩＮＣ． | F11: EGB1303E-E | G11: LZS+BIS+AF | H11: 0D9825 | I11: BDA1299 | J11: 2026/08/27 | K11: 2026/09/11
A12: TS60299201 | B12: 10月 | C12: 010 | D12: EGB6020AE_CE | E12: 【AESA】AMADA ITALIA (IT 299154) | F12: EGB6020AE-C | G12: STD | H12: 0G3964 | I12: BDE0162 | J12: 2026/08/29 | K12: 2026/09/18
A13: TS82577267 | B13: 10月 | C13: 011 | D13: EGB8025E | E13: （株）アマダベンディングＳ部 | F13: EGB8025E-J | G13: LZS+BIS | H13: 0E1240 | J13: 2026/09/01 | K13: 2026/09/15
A14: TS82577270 | B14: 10月 | C14: 012 | D14: EGB8025E | E14: （株）アマダベンディングＳ部 | F14: EGB8025E-J | G14: LZS+BIS | H14: 0E1240 | J14: 2026/09/01 | K14: 2026/09/15
A15: TS13377311 | B15: 10月 | C15: 013 | D15: EGB1303E | E15: （株）アマダベンディングＳ部 | F15: EGB1303E-J | G15: LZS+BIS | H15: 0D9824 | J15: 2026/09/03 | K15: 2026/09/17
A16: TS13377315 | B16: 10月 | C16: 014 | D16: EGB1303E | E16: （株）アマダベンディングＳ部 | F16: EGB1303E-J | G16: LZS+BIS | H16: 0D9824 | J16: 2026/09/03 | K16: 2026/09/17
A17: TS62077154 | B17: 10月 | C17: 015 | D17: EGB6020E_EXP | E17: ＡＭＡＤＡ ＡＭＥＲＩＣＡ ＩＮＣ． | F17: EGB6020E-E | G17: LZS+BIS+AF | H17: 0D7905 | I17: BDA1304 | J17: 2026/09/05 | K17: 2026/09/25
A18: TS13377323 | B18: 10月 | C18: 016 | D18: EGB1303E_EXP | E18: ＡＭＡＤＡ ＡＭＥＲＩＣＡ ＩＮＣ． | F18: EGB1303E-E | G18: LZS+BIS+AF | H18: 0D9825 | I18: BDA1300 | J18: 2026/09/05 | K18: 2026/09/24
A19: TS62077153 | B19: 10月 | C19: 017 | D19: EGB6020E_EXP | E19: ＡＭＡＤＡ ＡＭＥＲＩＣＡ ＩＮＣ． | F19: EGB6020E-E | G19: LZS+BIS+AF | H19: 0D7905 | I19: BDA1303 | J19: 2026/09/08 | K19: 2026/09/26
A20: TS62077155 | B20: 10月 | C20: 018 | D20: EGB6020E_EXP | E20: ＡＭＡＤＡ ＡＭＥＲＩＣＡ ＩＮＣ． | F20: EGB6020E-E | G20: LZS+BIS+AF | H20: 0D7905 | I20: BDA1305 | J20: 2026/09/08 | K20: 2026/09/26
A21: TS82577276 | B21: 10月 | C21: 019 | D21: EGB8025E_EXP | E21: ＡＭＡＤＡ ＡＭＥＲＩＣＡ ＩＮＣ． | F21: EGB8025E-E | G21: LZS+BIS+AF | H21: 0E1858 | I21: BDA1308 | J21: 2026/09/09 | K21: 2026/09/26
A22: TS82577279 | B22: 10月 | C22: 020 | D22: EGB8025E_EXP | E22: ＡＭＡＤＡ ＴＡＩＷＡＮ ＩＮＣ． | F22: EGB8025E-E | G22: LZS+BIS+AF | H22: 0E1858 | I22: TW0508 | J22: 2026/09/09 | K22: 2026/09/26
A23: TS13377327 | B23: 10月 | C23: 021 | D23: EGB1303E_EXP | E23: 【ベトナム】Thu？n Nhat | F23: EGB1303E-E | G23: LZS+BIS+AF | H23: 0D9825 | I23: ASB0890 | J23: 2026/09/12 | K23: 2026/09/30
A24: TS62077156 | B24: 10月 | C24: 022 | D24: EGB6020E_EXP | E24: ＡＭＡＤＡ ＡＭＥＲＩＣＡ ＩＮＣ． | F24: EGB6020E-E | G24: LZS+BIS+AF | H24: 0D7905 | I24: BDA1343 | J24: 2026/09/12 | K24: 2026/10/01
A25: TS13377336 | B25: 10月 | C25: 023 | D25: EGB1303E | E25: （株）新興産業 | F25: EGB1303E-J | G25: LZS+BIS | H25: 0D9824 | I25: 194878 | J25: 2026/09/16 | K25: 2026/10/02
A26: TS60299199 | B26: 10月 | C26: 024 | D26: EGB6020AE | E26: （株）アマダベンディングＳ部 | F26: EGB6020AE-J | G26: STD | H26: 0D7904 | J26: 2026/09/16 | K26: 2026/10/07
A27: TS13377331 | B27: 10月 | C27: 025 | D27: EGB1303E_EXP | E27: 【インド】AEROTYNE INDUSTRY PVT LTD. | F27: EGB1303E-E | G27: LZS+BIS+AF | H27: 0D9825 | I27: BDH0619 | J27: 2026/09/16 | K27: 2026/10/02
A28: TS13377328 | B28: 10月 | C28: 026 | D28: EGB1303E | E28: （株）アマダベンディングＳ部 | F28: EGB1303E-J | G28: LZS+BIS | H28: 0D9824 | J28: 2026/09/17 | K28: 2026/10/03
A29: TS82577283 | B29: 10月 | C29: 027 | D29: EGB8025E_EXP | E29: ＡＭＡＤＡ ＡＭＥＲＩＣＡ ＩＮＣ． | F29: EGB8025E-E | G29: LZS+BIS+AF | H29: 0E1858 | I29: BDA1352 | J29: 2026/09/17 | K29: 2026/10/06
A30: TS60299191 | B30: 10月 | C30: 028 | D30: EGB6020AE_EXP | E30: ＡＭＡＤＡ ＣＡＮＡＤＡ ＬＴＤ． | F30: EGB6020AE-E | G30: STD | H30: 0D8050 | I30: BDA1334 | J30: 2026/09/17 | K30: 2026/10/09
A31: TS60299200 | B31: 10月 | C31: 029 | D31: EGB6020AE | E31: 関東精工（株） | F31: EGB6020AE-J | G31: STD | H31: 0D7904 | I31: 195996 | J31: 2026/09/18 | K31: 2026/10/09
A32: TS13377330 | B32: 10月 | C32: 030 | D32: EGB1303E_EXP | E32: 【タイ】Taiwan Metal Precision(Thailand) | F32: EGB1303E-E | G32: LZS+BIS+AF | H32: 0D9825 | I32: ASB0906 | J32: 2026/09/18 | K32: 2026/10/06
A33: TS13377332 | B33: 10月 | C33: 031 | D33: EGB1303E_EXP | E33: ＡＭＡＤＡ ＣＡＮＡＤＡ ＬＴＤ． | F33: EGB1303E-E | G33: LZS+BIS+AF | H33: 0D9825 | I33: BDA1332 | J33: 2026/09/18 | K33: 2026/10/06
A34: TS13399260 | B34: 10月 | C34: 032 | D34: EGB1303AE | E34: （株）アマダベンディングＳ部 | F34: EGB1303AE-J | G34: STD | H34: 0D9621 | J34: 2026/09/19 | K34: 2026/10/10
A35: TS82577288 | B35: 10月 | C35: 033 | D35: EGB8025E | E35: フクシマガリレイ（株） | F35: EGB8025E-J | G35: LZS+BIS | H35: 0E1240 | I35: 194881 | J35: 2026/09/19 | K35: 2026/10/07
A36: TS62077157 | B36: 10月 | C36: 034 | D36: EGB6020E_EXP | E36: ＡＭＡＤＡ ＣＡＮＡＤＡ ＬＴＤ． | F36: EGB6020E-E | G36: LZS+BIS+AF | H36: 0D7905 | I36: BDA1347 | J36: 2026/09/19 | K36: 2026/10/08
A37: TS13377326 | B37: 10月 | C37: 035 | D37: EGB1303E | E37: 文化シヤッター（株） | F37: EGB1303E-J | G37: LZS+BIS | H37: 0D9824 | I37: 193755 | J37: 2026/09/24 | K37: 2026/10/07
A38: TS13399257 | B38: 10月 | C38: 036 | D38: EGB1303AE_EXP | E38: ＡＭＡＤＡ ＣＡＮＡＤＡ ＬＴＤ． | F38: EGB1303AE-E | G38: STD | H38: 0E1243 | I38: BDA1326 | J38: 2026/09/24 | K38: 2026/10/13
A39: TS82577284 | B39: 10月 | C39: 037 | D39: EGB8025E_EXP | E39: 【ベトナム】Department of Metrology & St | F39: EGB8025E-E | G39: LZS+BIS+AF | H39: 0E1858 | I39: ASB0901 | J39: 2026/09/24 | K39: 2026/10/08
A40: TS13377337 | B40: 10月 | C40: 038 | D40: EGB1303E | E40: アートテックス（株） | F40: EGB1303E-J | G40: LZS+BIS | H40: 0D9824 | I40: 194877 | J40: 2026/09/25 | K40: 2026/10/08
A41: TS62077160 | B41: 10月 | C41: 039 | D41: EGB6020E | E41: （株）広島メタルワーク | F41: EGB6020E-J | G41: LZS+BIS | H41: 0D7255 | I41: 195950 | J41: 2026/09/26 | K41: 2026/10/10
A42: TS82577289 | B42: 10月 | C42: 040 | D42: EGB8025E | E42: フクシマガリレイ（株） | F42: EGB8025E-J | G42: LZS+BIS | H42: 0E1240 | I42: 194882 | J42: 2026/09/26 | K42: 2026/10/09
A43: TS13329057 | B43: 10月 | C43: 041 | D43: EGB1303ARE_EXP | E43: 【TAIWAN】展示機 | F43: EGB1303ARE-E | G43: STD | H43: 0E1859 | I43: TW0511 | J43: 2026/09/26 | K43: 2026/10/23
A44: TS13399256 | B44: 10月 | C44: 042 | D44: EGB1303AE | E44: （株）スミヨシ | F44: EGB1303AE-J | G44: STD | H44: 0D9621 | I44: 194826 | J44: 2026/09/29 | K44: 2026/10/16
A45: TS60299197 | B45: 10月 | C45: 043 | D45: EGB6020AE_EXP | E45: ＡＭＡＤＡ ＡＭＥＲＩＣＡ ＩＮＣ． | F45: EGB6020AE-E | G45: STD | H45: 0D8050 | I45: BDA1329 | J45: 2026/09/29 | K45: 2026/10/16
A46: TS82577294 | B46: 10月 | C46: 044 | D46: EGB8025E | E46: （株）アマダベンディングＳ部 | F46: EGB8025E-J | G46: LZS+BIS | H46: 0E1240 | J46: 2026/09/29 | K46: 2026/10/10
A47: GC82508021 | B47: 10月 | C47: 045 | D47: HG8025C | E47: （株）関根製作所 | F47: HG8025C-J | G47: STD | H47: 0A6483 | I47: 111533 | J47: 2026/10/01 | K47: 2026/10/10
A48: TS13399259 | B48: 10月 | C48: 046 | D48: EGB1303AE | E48: （株）アマダベンディングＳ部 | F48: EGB1303AE-J | G48: STD | H48: 0D9621 | J48: 2026/10/01 | K48: 2026/10/21
A49: TS82577292 | B49: 10月 | C49: 047 | D49: EGB8025E | E49: （株）共和電機製作所 | F49: EGB8025E-J | G49: LZS+BIS | H49: 0E1240 | I49: 194875 | J49: 2026/10/01 | K49: 2026/10/14
A50: TS13399261 | B50: 10月 | C50: 048 | D50: EGB1303AE_EXP | E50: ＡＭＡＤＡ ＡＭＥＲＩＣＡ ＩＮＣ． | F50: EGB1303AE-E | G50: STD | H50: 0E1243 | I50: BDA1327 | J50: 2026/10/01 | K50: 2026/10/21
A51: TS13399254 | B51: 10月 | C51: 049 | D51: EGB1303AE_EXP | E51: ＡＭＡＤＡ （ＵＫ） ＪＯＨＡＮＮＥＳＢ | F51: EGB1303AE-E | G51: STD | H51: 0E1243 | I51: ASB0904 | J51: 2026/10/03 | K51: 2026/10/23
A52: TS13377334 | B52: 10月 | C52: 050 | D52: EGB1303E_EXP | E52: ＡＭＡＤＡ ＡＭＥＲＩＣＡ ＩＮＣ． | F52: EGB1303E-E | G52: LZS+BIS+AF | H52: 0D9825 | I52: BDA1338 | J52: 2026/10/03 | K52: 2026/10/20
A53: TS13399262 | B53: 10月 | C53: 051 | D53: EGB1303AE_EXP | E53: ＡＭＡＤＡ ＴＡＩＷＡＮ ＩＮＣ． | F53: EGB1303AE-E | G53: STD | H53: 0E1243 | I53: TW0510 | J53: 2026/10/03 | K53: 2026/10/23
A54: TS82577291 | B54: 10月 | C54: 052 | D54: EGB8025E | E54: フクシマガリレイ（株） | F54: EGB8025E-J | G54: LZS+BIS | H54: 0E1240 | I54: 194884 | J54: 2026/10/06 | K54: 2026/10/20
A55: TS60299193 | B55: 10月 | C55: 053 | D55: EGB6020AE_EXP | E55: ＡＭＡＤＡ ＡＭＥＲＩＣＡ ＩＮＣ． | F55: EGB6020AE-E | G55: STD | H55: 0D8050 | I55: BDA1328 | J55: 2026/10/06 | K55: 2026/10/24
A56: TS82577293 | B56: 10月 | C56: 054 | D56: EGB8025E | E56: （株）アマダベンディングＳ部 | F56: EGB8025E-J | G56: LZS+BIS | H56: 0E1240 | J56: 2026/10/06 | K56: 2026/10/20
A57: TS60299203 | B57: 10月 | C57: 055 | D57: EGB6020AE | E57: （株）アマダベンディングＳ部 | F57: EGB6020AE-J | G57: STD | H57: 0D7904 | J57: 2026/10/07 | K57: 2026/10/24
A58: TS82577290 | B58: 10月 | C58: 056 | D58: EGB8025E | E58: フクシマガリレイ（株） | F58: EGB8025E-J | G58: LZS+BIS | H58: 0E1240 | I58: 194883 | J58: 2026/10/07 | K58: 2026/10/21
A59: TS82577285 | B59: 10月 | C59: 057 | D59: EGB8025E_EXP | E59: ＡＭＡＤＡ ＡＭＥＲＩＣＡ ＩＮＣ． | F59: EGB8025E-E | G59: LZS+BIS+AF | H59: 0E1858 | I59: BDA1345 | J59: 2026/10/07 | K59: 2026/10/22
A60: TS13399258 | B60: 10月 | C60: 058 | D60: EGB1303AE | E60: （株）バンテクニカ | F60: EGB1303AE-J | G60: STD | H60: 0D9621 | I60: 195990 | J60: 2026/10/08 | K60: 2026/10/28
A61: TS13377338 | B61: 10月 | C61: 059 | D61: EGB1303E | E61: （株）アマダベンディングＳ部 | F61: EGB1303E-J | G61: LZS+BIS | H61: 0D9824 | J61: 2026/10/08 | K61: 2026/10/22
A62: TS62077159 | B62: 10月 | C62: 060 | D62: EGB6020E_EXP | E62: ＡＭＡＤＡ ＡＭＥＲＩＣＡ ＩＮＣ． | F62: EGB6020E-E | G62: LZS+BIS+AF | H62: 0D7905 | I62: BDA1348 | J62: 2026/10/08 | K62: 2026/10/24
A63: TS82577282 | B63: 10月 | C63: 061 | D63: EGB8025E_EXP | E63: ＡＭＡＤＡ ＴＡＩＷＡＮ ＩＮＣ． | F63: EGB8025E-E | G63: LZS+BIS+AF | H63: 0E1858 | I63: TW0525 | J63: 2026/10/09 | K63: 2026/10/24
A64: TS13399263 | B64: 10月 | C64: 062 | D64: EGB1303AE_EXP | E64: ＡＭＡＤＡ ＫＯＲＥＡ ＣＯ．，ＬＴＤ． | F64: EGB1303AE-E | G64: STD | H64: 0E1243 | I64: ASP0300 | J64: 2026/10/09 | K64: 2026/10/31
A65: TS82577286 | B65: 10月 | C65: 063 | D65: EGB8025E_EXP | E65: ＡＭＡＤＡ ＣＡＮＡＤＡ ＬＴＤ． | F65: EGB8025E-E | G65: LZS+BIS+AF | H65: 0E1858 | I65: BDA1349 | J65: 2026/10/09 | K65: 2026/10/24
A66: TS13377329 | B66: 10月 | C66: 064 | D66: EGB1303E | E66: （有）石井製作所 | F66: EGB1303E-J | G66: LZS+BIS | H66: 0D9824 | I66: 194812 | J66: 2026/10/13 | K66: 2026/10/27
A67: TS13377335 | B67: 10月 | C67: 065 | D67: EGB1303E_EXP | E67: ＡＭＡＤＡ ＫＯＲＥＡ ＣＯ．，ＬＴＤ． | F67: EGB1303E-E | G67: LZS+BIS+AF | H67: 0D9825 | I67: ASB0905 | J67: 2026/10/13 | K67: 2026/10/28
A68: TS13377333 | B68: 10月 | C68: 066 | D68: EGB1303E_EXP | E68: ＡＭＡＤＡ ＡＭＥＲＩＣＡ ＩＮＣ． | F68: EGB1303E-E | G68: LZS+BIS+AF | H68: 0D9825 | I68: BDA1337 | J68: 2026/10/15 | K68: 2026/10/30
A69: TS62077158 | B69: 10月 | C69: 067 | D69: EGB6020E_EXP | E69: ＡＭＡＤＡ ＡＭＥＲＩＣＡ ＩＮＣ． | F69: EGB6020E-E | G69: LZS+BIS+AF | H69: 0D7905 | I69: BDA1344 | J69: 2026/10/15 | K69: 2026/10/31
A70: TS82577287 | B70: 10月 | C70: 068 | D70: EGB8025E_EXP | E70: ＡＭＡＤＡ ＣＡＮＡＤＡ ＬＴＤ． | F70: EGB8025E-E | G70: LZS+BIS+AF | H70: 0E1858 | I70: BDA1350 | J70: 2026/10/15 | K70: 2026/10/30
A71: TS60299204 | B71: 11月 | C71: 001 | D71: EGB6020AE_EXP | E71: ＡＭＡＤＡ ＡＭＥＲＩＣＡ ＩＮＣ． | F71: EGB6020AE-E | G71: STD | H71: 0D8050 | I71: BDA1360 | J71: 2026/10/10 | K71: 2026/10/30
A72: TS13329058 | B72: 11月 | C72: 002 | D72: EGB1303ARE_EXP | E72: ＡＭＡＤＡ ＡＭＥＲＩＣＡ ＩＮＣ． | F72: EGB1303ARE-E | G72: STD | H72: 0E1859 | I72: BDA1357 | J72: 2026/10/16 | K72: 2026/11/13
A73: TS13377296 | B73: 11月 | C73: 003 | D73: EGB1303E_EXP | E73: 【AAI】Sullair | F73: EGB1303E-E | G73: LZS+BIS+AF | H73: 0G3556 | I73: BDA1250 | J73: 2026/10/16 | K73: 2026/11/09
... A87: TS60299207 | B87: 11月 | C87: 017 | D87: EGB6020AE | E87: （株）摂津金属工業所 | F87: EGB6020AE-J | G87: STD | H87: 0D7904 | I87: 195937 | J87: 2026/10/30 | K87: 2026/11/18
A88: TS13377347 | B88: 11月 | C88: 018 | D88: EGB1303E | E88: （株）アマダベンディングＳ部 | F88: EGB1303E-J | G88: LZS+BIS | H88: 0D9824 | J88: 2026/10/31 | K88: 2026/11/14
A89: TS62077161 | B89: 11月 | C89: 019 | D89: EGB6020E | E89: （株）ケーテック | F89: EGB6020E-J | G89: LZS+BIS | H89: 0D7255 | I89: 206012 | J89: 2026/10/31 | K89: 2026/11/14
A90: TS13399266 | B90: 11月 | C90: 020 | D90: EGB1303AE_EXP | E90: ＡＭＡＤＡ ＡＭＥＲＩＣＡ ＩＮＣ． | F90: EGB1303AE-E | G90: STD | H90: 0E1243 | I90: BDA1355 | J90: 2026/10/31 | K90: 2026/11/19
A91: TS62077165 | B91: 11月 | C91: 021 | D91: EGB6020E_EXP | E91: ＡＭＡＤＡ ＡＭＥＲＩＣＡ ＩＮＣ． | F91: EGB6020E-E | G91: LZS+BIS+AF | H91: 0D7905 | I91: BDA1372 | J91: 2026/11/04 | K91: 2026/11/18
A92: TS13377346 | B92: 11月 | C92: 022 | D92: EGB1303E | E92: （株）ＩＬＣ | F92: EGB1303E-J | G92: LZS+BIS | H92: 0D9824 | I92: 195920 | J92: 2026/11/05 | K92: 2026/11/18
A93: TS60299209 | B93: 11月 | C93: 023 | D93: EGB6020AE | E93: 鹿児島ケース（株） | F93: EGB6020AE-J | G93: STD | H93: 0D7904 | I93: 195939 | J93: 2026/11/05 | K93: 2026/11/21
A94: TS62077162 | B94: 11月 | C94: 024 | D94: EGB6020E | E94: 大和冷機工業（株） | F94: EGB6020E-J | G94: LZS+BIS | H94: 0D7255 | I94: 194871 | J94: 2026/11/05 | K94: 2026/11/18
A95: TS60299208 | B95: 11月 | C95: 025 | D95: EGB6020AE | E95: 徳山興産（株） | F95: EGB6020AE-J | G95: STD | H95: 0D7904 | I95: 195919 | J95: 2026/11/06 | K95: 2026/11/24
A96: TS13377341 | B96: 11月 | C96: 026 | D96: EGB1303E_EXP | E96: ＡＭＡＤＡ ＣＡＮＡＤＡ ＬＴＤ． | F96: EGB1303E-E | G96: LZS+BIS+AF | H96: 0D9825 | I96: BDA1364 | J96: 2026/11/06 | K96: 2026/11/19
A97: TS62077167 | B97: 11月 | C97: 027 | D97: EGB6020E_EXP | E97: ＡＭＡＤＡ ＡＭＥＲＩＣＡ ＩＮＣ． | F97: EGB6020E-E | G97: LZS+BIS+AF | H97: 0D7905 | I97: BDA1374 | J97: 2026/11/06 | K97: 2026/11/20
A98: TS13399271 | B98: 11月 | C98: 028 | D98: EGB1303AE | E98: 日崎工業（株） | F98: EGB1303AE-J | G98: STD | H98: 0D9621 | I98: 195932 | J98: 2026/11/07 | K98: 2026/11/25
A99: TS13399270 | B99: 11月 | C99: 029 | D99: EGB1303AE | E99: 旭陽電機（株） | F99: EGB1303AE-J | G99: STD | H99: 0D9621 | I99: 195989 | J99: 2026/11/07 | K99: 2026/11/25
A100: TS82577295 | B100: 11月 | C100: 030 | D100: EGB8025E_EXP | E100: 【タイ】Karwin Thai Advanced Technology | F100: EGB8025E-E | G100: LZS+BIS+AF | H100: 0E1858 | I100: ASB0915 | J100: 2026/11/07 | K100: 2026/11/20
... A104: TS82577301 | B104: 11月 | C104: 034 | D104: EGB8025E | E104: （有）山口製作所 | F104: EGB8025E-J | G104: LZS+BIS | H104: 0E1240 | I104: 194873 | J104: 2026/11/10 | K104: 2026/11/21
A105: TS82577302 | B105: 11月 | C105: 035 | D105: EGB8025E | E105: （株）アマダベンディングＳ部 | F105: EGB8025E-J | G105: LZS+BIS | H105: 0E1240 | J105: 2026/11/11 | K105: 2026/11/24
A106: TS62077168 | B106: 11月 | C106: 036 | D106: EGB6020E | E106: （有）徳永商店 | F106: EGB6020E-J | G106: LZS+BIS+AF | H106: 0D7255 | I106: 195910 | J106: 2026/11/11 | K106: 2026/11/26
A107: TS82577303 | B107: 11月 | C107: 037 | D107: EGB8025E | E107: （株）八代製作所 | F107: EGB8025E-J | G107: LZS+BIS | H107: 0E1240 | I107: 195933 | J107: 2026/11/12 | K107: 2026/11/25
A108: TS82577297 | B108: 11月 | C108: 038 | D108: EGB8025E_EXP | E108: ＡＭＡＤＡ ＡＭＥＲＩＣＡ ＩＮＣ． | F108: EGB8025E-E | G108: LZS+BIS+AF | H108: 0E1858 | I108: BDA1375 | J108: 2026/11/12 | K108: 2026/11/26
A109: TS82577304 | B109: 11月 | C109: 039 | D109: EGB8025E_EXP | E109: ＡＭＡＤＡ ＡＭＥＲＩＣＡ ＩＮＣ． | F109: EGB8025E-E | G109: LZS+BIS | H109: 0E1858 | I109: BDA1377 | J109: 2026/11/13 | K109: 2026/11/26
A110: TS82577298 | B110: 11月 | C110: 040 | D110: EGB8025E_EXP | E110: ＡＭＡＤＡ ＡＭＥＲＩＣＡ ＩＮＣ． | F110: EGB8025E-E | G110: LZS+BIS+AF | H110: 0E1858 | I110: BDA1376 | J110: 2026/11/14 | K110: 2026/11/28
A111: TS13377345 | B111: 11月 | C111: 041 | D111: EGB1303E | E111: パナソニック ＨＶＡＣ ＆ ＣＣシステム | F111: EGB1303E-J | G111: LZS+BIS | H111: 0D9824 | I111: 195988 | J111: 2026/11/19 | K111: 2026/12/02
A112: TS13399272 | B112: 11月 | C112: 042 | D112: EGB1303AE | E112: （株）ツガワ | F112: EGB1303AE-J | G112: STD | H112: 0D9621 | I112: 195921 | J112: 2026/11/24 | K112: 2026/12/11
A113: TS13377344 | B113: 11月 | C113: 043 | D113: EGB1303E | E113: パナソニック ＨＶＡＣ ＆ ＣＣシステム | F113: EGB1303E-J | G113: LZS+BIS | H113: 0D9824 | I113: 195987 | J113: 2026/11/27 | K113: 2026/12/10
A114: TS62077163 | B114: 11月 | C114: 044 | D114: EGB6020E | E114: （株）スミヨシ | F114: EGB6020E-J | G114: LZS+BIS | H114: 0D7255 | I114: 194872 | J114: 2026/12/02 | K114: 2026/12/16
A115: TS60299202 | B115: 12月 | C115: 001 | D115: EGB6020AE_CE | E115: 【AESA】TAVECCHIO( EX AITALIA) | F115: EGB6020AE-C | G115: STD | H115: 0G3964 | I115: BDE0163 | J115: 2026/09/03 | K115: 2026/09/25
A116: TS60299212 | B116: 12月 | C116: 002 | D116: EGB6020AE | E116: （株）摂津金属工業所 | F116: EGB6020AE-J | G116: STD | H116: 0D7904 | I116: 195938 | J116: 2026/11/11 | K116: 2026/11/27
A117: TS13399273 | B117: 12月 | C117: 003 | D117: EGB1303AE_EXP | E117: ＡＭＡＤＡ ＴＡＩＷＡＮ ＩＮＣ． | F117: EGB1303AE-E | G117: STD | H117: 0E1243 | I117: TW0535 | J117: 2026/11/12 | K117: 2026/12/01
...

Sheet ﾍﾞﾝﾀﾞｰ小型対照表
A1: NO | B1: 生産月 | C1: 機種名 | D1: 客先名 | E1: シリアルNo | F1: 機種品番 | G1: 着手日(変更前) | I1: 着手日(変更後)
A2: 1 | B2: =IFERROR(VLOOKUP(E2,'(新)ﾍﾞﾝﾀﾞｰ小型'!$A$3:$K$300,2,0), "") -> 10月 | C2: =IFERROR(VLOOKUP(E2,'(新)ﾍﾞﾝﾀﾞｰ小型'!$A$3:$K$300,4,0), "") -> EGB1303ARE_EXP | D2: =IFERROR(VLOOKUP(E2,'(新)ﾍﾞﾝﾀﾞｰ小型'!$A$3:$K$300,5,0), "") -> ＡＭＡＤＡ ＡＭＥＲＩＣＡ ＩＮＣ． | E2: ='(新)ﾍﾞﾝﾀﾞｰ小型'!A3 -> TS13329056 | F2: =IFERROR(VLOOKUP(E2,'(新)ﾍﾞﾝﾀﾞｰ小型'!$A$3:$K$300,8,0), "") -> 0E1859 | G2: =IFERROR(VLOOKUP(E2,'(旧)ﾍﾞﾝﾀﾞｰ小型'!$A$3:$K$310,10,0),"") -> 2026/08/01 | H2: ⇒ | I2: =IFERROR(VLOOKUP(E2,'(新)ﾍﾞﾝﾀﾞｰ小型'!$A$3:$K$300,10,0),"") -> 2026/08/01
A3: 2 | B3: =IFERROR(VLOOKUP(E3,'(新)ﾍﾞﾝﾀﾞｰ小型'!$A$3:$K$300,2,0), "") -> 10月 | C3: =IFERROR(VLOOKUP(E3,'(新)ﾍﾞﾝﾀﾞｰ小型'!$A$3:$K$300,4,0), "") -> EGB1303AE_EXP | D3: =IFERROR(VLOOKUP(E3,'(新)ﾍﾞﾝﾀﾞｰ小型'!$A$3:$K$300,5,0), "") -> Ａｍａｄａ Ｏｃｅａｎｉａ Ｐｔｙ Ｌｔ | E3: ='(新)ﾍﾞﾝﾀﾞｰ小型'!A4 -> TS13399252 | F3: =IFERROR(VLOOKUP(E3,'(新)ﾍﾞﾝﾀﾞｰ小型'!$A$3:$K$300,8,0), "") -> 0E1243 | G3: =IFERROR(VLOOKUP(E3,'(旧)ﾍﾞﾝﾀﾞｰ小型'!$A$3:$K$310,10,0),"") -> 2026/08/05 | H3: ⇒ | I3: =IFERROR(VLOOKUP(E3,'(新)ﾍﾞﾝﾀﾞｰ小型'!$A$3:$K$300,10,0),"") -> 2026/08/05
A4: 3 | B4: =IFERROR(VLOOKUP(E4,'(新)ﾍﾞﾝﾀﾞｰ小型'!$A$3:$K$300,2,0), "") -> 10月 | C4: =IFERROR(VLOOKUP(E4,'(新)ﾍﾞﾝﾀﾞｰ小型'!$A$3:$K$300,4,0), "") -> EGB1303AE | D4: =IFERROR(VLOOKUP(E4,'(新)ﾍﾞﾝﾀﾞｰ小型'!$A$3:$K$300,5,0), "") -> （株）アマダベンディングＳ部 | E4: ='(新)ﾍﾞﾝﾀﾞｰ小型'!A5 -> TS13399248 | F4: =IFERROR(VLOOKUP(E4,'(新)ﾍﾞﾝﾀﾞｰ小型'!$A$3:$K$300,8,0), "") -> 0D9621 | G4: =IFERROR(VLOOKUP(E4,'(旧)ﾍﾞﾝﾀﾞｰ小型'!$A$3:$K$310,10,0),"") -> 2026/08/08 | H4: ⇒ | I4: =IFERROR(VLOOKUP(E4,'(新)ﾍﾞﾝﾀﾞｰ小型'!$A$3:$K$300,10,0),"") -> 2026/08/08
A5: 4 | B5: =IFERROR(VLOOKUP(E5,'(新)ﾍﾞﾝﾀﾞｰ小型'!$A$3:$K$300,2,0), "") -> 10月 | C5: =IFERROR(VLOOKUP(E5,'(新)ﾍﾞﾝﾀﾞｰ小型'!$A$3:$K$300,4,0), "") -> EGB6020AE_EXP | D5: =IFERROR(VLOOKUP(E5,'(新)ﾍﾞﾝﾀﾞｰ小型'!$A$3:$K$300,5,0), "") -> ＡＭＡＤＡ ＴＡＩＷＡＮ ＩＮＣ． | E5: ='(新)ﾍﾞﾝﾀﾞｰ小型'!A6 -> TS60299196 | F5: =IFERROR(VLOOKUP(E5,'(新)ﾍﾞﾝﾀﾞｰ小型'!$A$3:$K$300,8,0), "") -> 0D8050 | G5: =IFERROR(VLOOKUP(E5,'(旧)ﾍﾞﾝﾀﾞｰ小型'!$A$3:$K$310,10,0),"") -> 2026/08/19 | H5: ⇒ | I5: =IFERROR(VLOOKUP(E5,'(新)ﾍﾞﾝﾀﾞｰ小型'!$A$3:$K$300,10,0),"") -> 2026/08/19
A6: 5 | B6: =IFERROR(VLOOKUP(E6,'(新)ﾍﾞﾝﾀﾞｰ小型'!$A$3:$K$300,2,0), "") -> 10月 | C6: =IFERROR(VLOOKUP(E6,'(新)ﾍﾞﾝﾀﾞｰ小型'!$A$3:$K$300,4,0), "") -> EGB1303E | D6: =IFERROR(VLOOKUP(E6,'(新)ﾍﾞﾝﾀﾞｰ小型'!$A$3:$K$300,5,0), "") -> （株）アマダベンディングＳ部 | E6: ='(新)ﾍﾞﾝﾀﾞｰ小型'!A7 -> TS13377312 | F6: =IFERROR(VLOOKUP(E6,'(新)ﾍﾞﾝﾀﾞｰ小型'!$A$3:$K$300,8,0), "") -> 0D9824 | G6: =IFERROR(VLOOKUP(E6,'(旧)ﾍﾞﾝﾀﾞｰ小型'!$A$3:$K$310,10,0),"") -> 2026/08/26 | H6: ⇒ | I6: =IFERROR(VLOOKUP(E6,'(新)ﾍﾞﾝﾀﾞｰ小型'!$A$3:$K$300,10,0),"") -> 2026/08/26
A7: 6 | B7: =IFERROR(VLOOKUP(E7,'(新)ﾍﾞﾝﾀﾞｰ小型'!$A$3:$K$300,2,0), "") -> 10月 | C7: =IFERROR(VLOOKUP(E7,'(新)ﾍﾞﾝﾀﾞｰ小型'!$A$3:$K$300,4,0), "") -> EGB1303E_EXP | D7: =IFERROR(VLOOKUP(E7,'(新)ﾍﾞﾝﾀﾞｰ小型'!$A$3:$K$300,5,0), "") -> ＡＭＡＤＡ ＡＭＥＲＩＣＡ ＩＮＣ． | E7: ='(新)ﾍﾞﾝﾀﾞｰ小型'!A8 -> TS13377321 | F7: =IFERROR(VLOOKUP(E7,'(新)ﾍﾞﾝﾀﾞｰ小型'!$A$3:$K$300,8,0), "") -> 0D9825 | G7: =IFERROR(VLOOKUP(E7,'(旧)ﾍﾞﾝﾀﾞｰ小型'!$A$3:$K$310,10,0),"") -> 2026/08/26 | H7: ⇒ | I7: =IFERROR(VLOOKUP(E7,'(新)ﾍﾞﾝﾀﾞｰ小型'!$A$3:$K$300,10,0),"") -> 2026/08/26
A8: 7 | B8: =IFERROR(VLOOKUP(E8,'(新)ﾍﾞﾝﾀﾞｰ小型'!$A$3:$K$300,2,0), "") -> 10月 | C8: =IFERROR(VLOOKUP(E8,'(新)ﾍﾞﾝﾀﾞｰ小型'!$A$3:$K$300,4,0), "") -> EGB1303E | D8: =IFERROR(VLOOKUP(E8,'(新)ﾍﾞﾝﾀﾞｰ小型'!$A$3:$K$300,5,0), "") | E8: ='(新)ﾍﾞﾝﾀﾞｰ小型'!A9 -> TS13329993 | F8: =IFERROR(VLOOKUP(E8,'(新)ﾍﾞﾝﾀﾞｰ小型'!$A$3:$K$300,8,0), "") -> 0F5059 | G8: =IFERROR(VLOOKUP(E8,'(旧)ﾍﾞﾝﾀﾞｰ小型'!$A$3:$K$310,10,0),"") -> 2026/08/27 | H8: ⇒ | I8: =IFERROR(VLOOKUP(E8,'(新)ﾍﾞﾝﾀﾞｰ小型'!$A$3:$K$300,10,0),"") -> 2026/08/27
A9: 8 | B9: =IFERROR(VLOOKUP(E9,'(新)ﾍﾞﾝﾀﾞｰ小型'!$A$3:$K$300,2,0), "") -> 10月 | C9: =IFERROR(VLOOKUP(E9,'(新)ﾍﾞﾝﾀﾞｰ小型'!$A$3:$K$300,4,0), "") -> EGB8025E | D9: =IFERROR(VLOOKUP(E9,'(新)ﾍﾞﾝﾀﾞｰ小型'!$A$3:$K$300,5,0), "") -> だいわ（株） | E9: ='(新)ﾍﾞﾝﾀﾞｰ小型'!A10 -> TS82577266 | F9: =IFERROR(VLOOKUP(E9,'(新)ﾍﾞﾝﾀﾞｰ小型'!$A$3:$K$300,8,0), "") -> 0E1240 | G9: =IFERROR(VLOOKUP(E9,'(旧)ﾍﾞﾝﾀﾞｰ小型'!$A$3:$K$310,10,0),"") -> 2026/08/27 | H9: ⇒ | I9: =IFERROR(VLOOKUP(E9,'(新)ﾍﾞﾝﾀﾞｰ小型'!$A$3:$K$300,10,0),"") -> 2026/08/27
A10: 9 | B10: =IFERROR(VLOOKUP(E10,'(新)ﾍﾞﾝﾀﾞｰ小型'!$A$3:$K$300,2,0), "") -> 10月 | C10: =IFERROR(VLOOKUP(E10,'(新)ﾍﾞﾝﾀﾞｰ小型'!$A$3:$K$300,4,0), "") -> EGB1303E_EXP | D10: =IFERROR(VLOOKUP(E10,'(新)ﾍﾞﾝﾀﾞｰ小型'!$A$3:$K$300,5,0), "") -> ＡＭＡＤＡ ＡＭＥＲＩＣＡ ＩＮＣ． | E10: ='(新)ﾍﾞﾝﾀﾞｰ小型'!A11 -> TS13377322 | F10: =IFERROR(VLOOKUP(E10,'(新)ﾍﾞﾝﾀﾞｰ小型'!$A$3:$K$300,8,0), "") -> 0D9825 | G10: =IFERROR(VLOOKUP(E10,'(旧)ﾍﾞﾝﾀﾞｰ小型'!$A$3:$K$310,10,0),"") -> 2026/08/27 | H10: ⇒ | I10: =IFERROR(VLOOKUP(E10,'(新)ﾍﾞﾝﾀﾞｰ小型'!$A$3:$K$300,10,0),"") -> 2026/08/27
A11: 10 | B11: =IFERROR(VLOOKUP(E11,'(新)ﾍﾞﾝﾀﾞｰ小型'!$A$3:$K$300,2,0), "") -> 10月 | C11: =IFERROR(VLOOKUP(E11,'(新)ﾍﾞﾝﾀﾞｰ小型'!$A$3:$K$300,4,0), "") -> EGB6020AE_CE | D11: =IFERROR(VLOOKUP(E11,'(新)ﾍﾞﾝﾀﾞｰ小型'!$A$3:$K$300,5,0), "") -> 【AESA】AMADA ITALIA (IT 299154) | E11: ='(新)ﾍﾞﾝﾀﾞｰ小型'!A12 -> TS60299201 | F11: =IFERROR(VLOOKUP(E11,'(新)ﾍﾞﾝﾀﾞｰ小型'!$A$3:$K$300,8,0), "") -> 0G3964 | G11: =IFERROR(VLOOKUP(E11,'(旧)ﾍﾞﾝﾀﾞｰ小型'!$A$3:$K$310,10,0),"") -> 2026/08/29 | H11: ⇒ | I11: =IFERROR(VLOOKUP(E11,'(新)ﾍﾞﾝﾀﾞｰ小型'!$A$3:$K$300,10,0),"") -> 2026/08/29
A12: 11 | B12: =IFERROR(VLOOKUP(E12,'(新)ﾍﾞﾝﾀﾞｰ小型'!$A$3:$K$300,2,0), "") -> 10月 | C12: =IFERROR(VLOOKUP(E12,'(新)ﾍﾞﾝﾀﾞｰ小型'!$A$3:$K$300,4,0), "") -> EGB8025E | D12: =IFERROR(VLOOKUP(E12,'(新)ﾍﾞﾝﾀﾞｰ小型'!$A$3:$K$300,5,0), "") -> （株）アマダベンディングＳ部 | E12: ='(新)ﾍﾞﾝﾀﾞｰ小型'!A13 -> TS82577267 | F12: =IFERROR(VLOOKUP(E12,'(新)ﾍﾞﾝﾀﾞｰ小型'!$A$3:$K$300,8,0), "") -> 0E1240 | G12: =IFERROR(VLOOKUP(E12,'(旧)ﾍﾞﾝﾀﾞｰ小型'!$A$3:$K$310,10,0),"") -> 2026/09/01 | H12: ⇒ | I12: =IFERROR(VLOOKUP(E12,'(新)ﾍﾞﾝﾀﾞｰ小型'!$A$3:$K$300,10,0),"") -> 2026/09/01
A13: 12 | B13: =IFERROR(VLOOKUP(E13,'(新)ﾍﾞﾝﾀﾞｰ小型'!$A$3:$K$300,2,0), "") -> 10月 | C13: =IFERROR(VLOOKUP(E13,'(新)ﾍﾞﾝﾀﾞｰ小型'!$A$3:$K$300,4,0), "") -> EGB8025E | D13: =IFERROR(VLOOKUP(E13,'(新)ﾍﾞﾝﾀﾞｰ小型'!$A$3:$K$300,5,0), "") -> （株）アマダベンディングＳ部 | E13: ='(新)ﾍﾞﾝﾀﾞｰ小型'!A14 -> TS82577270 | F13: =IFERROR(VLOOKUP(E13,'(新)ﾍﾞﾝﾀﾞｰ小型'!$A$3:$K$300,8,0), "") -> 0E1240 | G13: =IFERROR(VLOOKUP(E13,'(旧)ﾍﾞﾝﾀﾞｰ小型'!$A$3:$K$310,10,0),"") -> 2026/09/01 | H13: ⇒ | I13: =IFERROR(VLOOKUP(E13,'(新)ﾍﾞﾝﾀﾞｰ小型'!$A$3:$K$300,10,0),"") -> 2026/09/01
... A285: 284 | B285: =IFERROR(VLOOKUP(E285,'(新)ﾍﾞﾝﾀﾞｰ小型'!$A$3:$K$300,2,0), "") -> 03月 | C285: =IFERROR(VLOOKUP(E285,'(新)ﾍﾞﾝﾀﾞｰ小型'!$A$3:$K$300,4,0), "") -> EGB1303E_EXP | D285: =IFERROR(VLOOKUP(E285,'(新)ﾍﾞﾝﾀﾞｰ小型'!$A$3:$K$300,5,0), "") -> アマダアメリカ | E285: ='(新)ﾍﾞﾝﾀﾞｰ小型'!A286 -> TS13377381 | F285: =IFERROR(VLOOKUP(E285,'(新)ﾍﾞﾝﾀﾞｰ小型'!$A$3:$K$300,8,0), "") -> 0D9825 | G285: =IFERROR(VLOOKUP(E285,'(旧)ﾍﾞﾝﾀﾞｰ小型'!$A$3:$K$310,10,0),"") | H285: ⇒ | I285: =IFERROR(VLOOKUP(E285,'(新)ﾍﾞﾝﾀﾞｰ小型'!$A$3:$K$300,10,0),"") -> 2027/03/02
A286: 285 | B286: =IFERROR(VLOOKUP(E286,'(新)ﾍﾞﾝﾀﾞｰ小型'!$A$3:$K$300,2,0), "") -> 03月 | C286: =IFERROR(VLOOKUP(E286,'(新)ﾍﾞﾝﾀﾞｰ小型'!$A$3:$K$300,4,0), "") -> EGB1303E_EXP | D286: =IFERROR(VLOOKUP(E286,'(新)ﾍﾞﾝﾀﾞｰ小型'!$A$3:$K$241,5,0), "") | E286: ='(新)ﾍﾞﾝﾀﾞｰ小型'!A287 -> TS13377382 | F286: =IFERROR(VLOOKUP(E286,'(新)ﾍﾞﾝﾀﾞｰ小型'!$A$3:$K$300,8,0), "") -> 0D9825 | G286: =IFERROR(VLOOKUP(E286,'(旧)ﾍﾞﾝﾀﾞｰ小型'!$A$3:$K$310,10,0),"") | H286: ⇒ | I286: =IFERROR(VLOOKUP(E286,'(新)ﾍﾞﾝﾀﾞｰ小型'!$A$3:$K$300,10,0),"") -> 2027/03/03
A287: 286 | B287: =IFERROR(VLOOKUP(E287,'(新)ﾍﾞﾝﾀﾞｰ小型'!$A$3:$K$300,2,0), "") -> 03月 | C287: =IFERROR(VLOOKUP(E287,'(新)ﾍﾞﾝﾀﾞｰ小型'!$A$3:$K$300,4,0), "") -> EGB8025E_EXP | D287: =IFERROR(VLOOKUP(E287,'(新)ﾍﾞﾝﾀﾞｰ小型'!$A$3:$K$241,5,0), "") | E287: ='(新)ﾍﾞﾝﾀﾞｰ小型'!A288 -> TS82577334 | F287: =IFERROR(VLOOKUP(E287,'(新)ﾍﾞﾝﾀﾞｰ小型'!$A$3:$K$300,8,0), "") -> 0E1858 | G287: =IFERROR(VLOOKUP(E287,'(旧)ﾍﾞﾝﾀﾞｰ小型'!$A$3:$K$310,10,0),"") | H287: ⇒ | I287: =IFERROR(VLOOKUP(E287,'(新)ﾍﾞﾝﾀﾞｰ小型'!$A$3:$K$300,10,0),"") -> 2027/03/03
A288: 287 | B288: =IFERROR(VLOOKUP(E288,'(新)ﾍﾞﾝﾀﾞｰ小型'!$A$3:$K$300,2,0), "") -> 03月 | C288: =IFERROR(VLOOKUP(E288,'(新)ﾍﾞﾝﾀﾞｰ小型'!$A$3:$K$300,4,0), "") -> EGB8025E_EXP | D288: =IFERROR(VLOOKUP(E288,'(新)ﾍﾞﾝﾀﾞｰ小型'!$A$3:$K$241,5,0), "") | E288: ='(新)ﾍﾞﾝﾀﾞｰ小型'!A289 -> TS82577335 | F288: =IFERROR(VLOOKUP(E288,'(新)ﾍﾞﾝﾀﾞｰ小型'!$A$3:$K$300,8,0), "") -> 0E1858 | G288: =IFERROR(VLOOKUP(E288,'(旧)ﾍﾞﾝﾀﾞｰ小型'!$A$3:$K$310,10,0),"") | H288: ⇒ | I288: =IFERROR(VLOOKUP(E288,'(新)ﾍﾞﾝﾀﾞｰ小型'!$A$3:$K$300,10,0),"") -> 2027/03/04
A289: 288 | B289: =IFERROR(VLOOKUP(E289,'(新)ﾍﾞﾝﾀﾞｰ小型'!$A$3:$K$300,2,0), "") -> 03月 | C289: =IFERROR(VLOOKUP(E289,'(新)ﾍﾞﾝﾀﾞｰ小型'!$A$3:$K$300,4,0), "") -> EGB8025E_EXP | D289: =IFERROR(VLOOKUP(E289,'(新)ﾍﾞﾝﾀﾞｰ小型'!$A$3:$K$241,5,0), "") | E289: ='(新)ﾍﾞﾝﾀﾞｰ小型'!A290 -> TS82577336 | F289: =IFERROR(VLOOKUP(E289,'(新)ﾍﾞﾝﾀﾞｰ小型'!$A$3:$K$300,8,0), "") -> 0E1858 | G289: =IFERROR(VLOOKUP(E289,'(旧)ﾍﾞﾝﾀﾞｰ小型'!$A$3:$K$310,10,0),"") | H289: ⇒ | I289: =IFERROR(VLOOKUP(E289,'(新)ﾍﾞﾝﾀﾞｰ小型'!$A$3:$K$300,10,0),"") -> 2027/03/04
A290: 289 | B290: =IFERROR(VLOOKUP(E290,'(新)ﾍﾞﾝﾀﾞｰ小型'!$A$3:$K$300,2,0), "") -> 03月 | C290: =IFERROR(VLOOKUP(E290,'(新)ﾍﾞﾝﾀﾞｰ小型'!$A$3:$K$300,4,0), "") -> EGB1303E_EXP | D290: =IFERROR(VLOOKUP(E290,'(新)ﾍﾞﾝﾀﾞｰ小型'!$A$3:$K$241,5,0), "") | E290: ='(新)ﾍﾞﾝﾀﾞｰ小型'!A291 -> TS13377384 | F290: =IFERROR(VLOOKUP(E290,'(新)ﾍﾞﾝﾀﾞｰ小型'!$A$3:$K$300,8,0), "") -> 0D9825 | G290: =IFERROR(VLOOKUP(E290,'(旧)ﾍﾞﾝﾀﾞｰ小型'!$A$3:$K$310,10,0),"") | H290: ⇒ | I290: =IFERROR(VLOOKUP(E290,'(新)ﾍﾞﾝﾀﾞｰ小型'!$A$3:$K$300,10,0),"") -> 2027/03/05
A291: 290 | B291: =IFERROR(VLOOKUP(E291,'(新)ﾍﾞﾝﾀﾞｰ小型'!$A$3:$K$300,2,0), "") -> 03月 | C291: =IFERROR(VLOOKUP(E291,'(新)ﾍﾞﾝﾀﾞｰ小型'!$A$3:$K$300,4,0), "") -> EGB1303E_EXP | D291: =IFERROR(VLOOKUP(E291,'(新)ﾍﾞﾝﾀﾞｰ小型'!$A$3:$K$241,5,0), "") | E291: ='(新)ﾍﾞﾝﾀﾞｰ小型'!A292 -> TS13377383 | F291: =IFERROR(VLOOKUP(E291,'(新)ﾍﾞﾝﾀﾞｰ小型'!$A$3:$K$300,8,0), "") -> 0D9825 | G291: =IFERROR(VLOOKUP(E291,'(旧)ﾍﾞﾝﾀﾞｰ小型'!$A$3:$K$310,10,0),"") | H291: ⇒ | I291: =IFERROR(VLOOKUP(E291,'(新)ﾍﾞﾝﾀﾞｰ小型'!$A$3:$K$300,10,0),"") -> 2027/03/06
A292: 291 | B292: =IFERROR(VLOOKUP(E292,'(新)ﾍﾞﾝﾀﾞｰ小型'!$A$3:$K$300,2,0), "") -> 03月 | C292: =IFERROR(VLOOKUP(E292,'(新)ﾍﾞﾝﾀﾞｰ小型'!$A$3:$K$300,4,0), "") -> EGB1303E_EXP | D292: =IFERROR(VLOOKUP(E292,'(新)ﾍﾞﾝﾀﾞｰ小型'!$A$3:$K$241,5,0), "") | E292: ='(新)ﾍﾞﾝﾀﾞｰ小型'!A293 -> TS13377385 | F292: =IFERROR(VLOOKUP(E292,'(新)ﾍﾞﾝﾀﾞｰ小型'!$A$3:$K$300,8,0), "") -> 0D9825 | G292: =IFERROR(VLOOKUP(E292,'(旧)ﾍﾞﾝﾀﾞｰ小型'!$A$3:$K$310,10,0),"") | H292: ⇒ | I292: =IFERROR(VLOOKUP(E292,'(新)ﾍﾞﾝﾀﾞｰ小型'!$A$3:$K$300,10,0),"") -> 2027/03/06
A293: 292 | B293: =IFERROR(VLOOKUP(E293,'(新)ﾍﾞﾝﾀﾞｰ小型'!$A$3:$K$300,2,0), "") -> 03月 | C293: =IFERROR(VLOOKUP(E293,'(新)ﾍﾞﾝﾀﾞｰ小型'!$A$3:$K$300,4,0), "") -> EGB8025E_EXP | D293: =IFERROR(VLOOKUP(E293,'(新)ﾍﾞﾝﾀﾞｰ小型'!$A$3:$K$241,5,0), "") | E293: ='(新)ﾍﾞﾝﾀﾞｰ小型'!A294 -> TS82577337 | F293: =IFERROR(VLOOKUP(E293,'(新)ﾍﾞﾝﾀﾞｰ小型'!$A$3:$K$300,8,0), "") -> 0E1858 | G293: =IFERROR(VLOOKUP(E293,'(旧)ﾍﾞﾝﾀﾞｰ小型'!$A$3:$K$310,10,0),"") | H293: ⇒ | I293: =IFERROR(VLOOKUP(E293,'(新)ﾍﾞﾝﾀﾞｰ小型'!$A$3:$K$300,10,0),"") -> 2027/03/09
A294: 293 | B294: =IFERROR(VLOOKUP(E294,'(新)ﾍﾞﾝﾀﾞｰ小型'!$A$3:$K$300,2,0), "") -> 03月 | C294: =IFERROR(VLOOKUP(E294,'(新)ﾍﾞﾝﾀﾞｰ小型'!$A$3:$K$300,4,0), "") -> EGB8025E | D294: =IFERROR(VLOOKUP(E294,'(新)ﾍﾞﾝﾀﾞｰ小型'!$A$3:$K$241,5,0), "") | E294: ='(新)ﾍﾞﾝﾀﾞｰ小型'!A295 -> TS82577328 | F294: =IFERROR(VLOOKUP(E294,'(新)ﾍﾞﾝﾀﾞｰ小型'!$A$3:$K$300,8,0), "") -> 0E1240 | G294: =IFERROR(VLOOKUP(E294,'(旧)ﾍﾞﾝﾀﾞｰ小型'!$A$3:$K$310,10,0),"") | H294: ⇒ | I294: =IFERROR(VLOOKUP(E294,'(新)ﾍﾞﾝﾀﾞｰ小型'!$A$3:$K$300,10,0),"") -> 2027/03/09
A295: 294 | B295: =IFERROR(VLOOKUP(E295,'(新)ﾍﾞﾝﾀﾞｰ小型'!$A$3:$K$300,2,0), "") -> 03月 | C295: =IFERROR(VLOOKUP(E295,'(新)ﾍﾞﾝﾀﾞｰ小型'!$A$3:$K$300,4,0), "") -> EGB6020E | D295: =IFERROR(VLOOKUP(E295,'(新)ﾍﾞﾝﾀﾞｰ小型'!$A$3:$K$241,5,0), "") | E295: ='(新)ﾍﾞﾝﾀﾞｰ小型'!A296 -> TS62077196 | F295: =IFERROR(VLOOKUP(E295,'(新)ﾍﾞﾝﾀﾞｰ小型'!$A$3:$K$300,8,0), "") -> 0D7255 | G295: =IFERROR(VLOOKUP(E295,'(旧)ﾍﾞﾝﾀﾞｰ小型'!$A$3:$K$310,10,0),"") | H295: ⇒ | I295: =IFERROR(VLOOKUP(E295,'(新)ﾍﾞﾝﾀﾞｰ小型'!$A$3:$K$300,10,0),"") -> 2027/03/10
A296: 295 | B296: =IFERROR(VLOOKUP(E296,'(新)ﾍﾞﾝﾀﾞｰ小型'!$A$3:$K$300,2,0), "") -> 03月 | C296: =IFERROR(VLOOKUP(E296,'(新)ﾍﾞﾝﾀﾞｰ小型'!$A$3:$K$300,4,0), "") -> EGB6020E | D296: =IFERROR(VLOOKUP(E296,'(新)ﾍﾞﾝﾀﾞｰ小型'!$A$3:$K$241,5,0), "") | E296: ='(新)ﾍﾞﾝﾀﾞｰ小型'!A297 -> TS62077197 | F296: =IFERROR(VLOOKUP(E296,'(新)ﾍﾞﾝﾀﾞｰ小型'!$A$3:$K$300,8,0), "") -> 0D7255 | G296: =IFERROR(VLOOKUP(E296,'(旧)ﾍﾞﾝﾀﾞｰ小型'!$A$3:$K$310,10,0),"") | H296: ⇒ | I296: =IFERROR(VLOOKUP(E296,'(新)ﾍﾞﾝﾀﾞｰ小型'!$A$3:$K$300,10,0),"") -> 2027/03/11
A297: 296 | B297: =IFERROR(VLOOKUP(E297,'(新)ﾍﾞﾝﾀﾞｰ小型'!$A$3:$K$300,2,0), "") -> 03月 | C297: =IFERROR(VLOOKUP(E297,'(新)ﾍﾞﾝﾀﾞｰ小型'!$A$3:$K$300,4,0), "") -> EGB6020E | D297: =IFERROR(VLOOKUP(E297,'(新)ﾍﾞﾝﾀﾞｰ小型'!$A$3:$K$241,5,0), "") | E297: ='(新)ﾍﾞﾝﾀﾞｰ小型'!A298 -> TS62077203 | F297: =IFERROR(VLOOKUP(E297,'(新)ﾍﾞﾝﾀﾞｰ小型'!$A$3:$K$300,8,0), "") -> 0D7255 | G297: =IFERROR(VLOOKUP(E297,'(旧)ﾍﾞﾝﾀﾞｰ小型'!$A$3:$K$310,10,0),"") | H297: ⇒ | I297: =IFERROR(VLOOKUP(E297,'(新)ﾍﾞﾝﾀﾞｰ小型'!$A$3:$K$300,10,0),"") -> 2027/03/11
... A301: 300 | B301: =IFERROR(VLOOKUP(E301,'(新)ﾍﾞﾝﾀﾞｰ小型'!$A$3:$K$300,2,0), "") | C301: =IFERROR(VLOOKUP(E301,'(新)ﾍﾞﾝﾀﾞｰ小型'!$A$3:$K$300,4,0), "") | D301: =IFERROR(VLOOKUP(E301,'(新)ﾍﾞﾝﾀﾞｰ小型'!$A$3:$K$241,5,0), "") | E301: ='(新)ﾍﾞﾝﾀﾞｰ小型'!A302 -> TS82577330 | F301: =IFERROR(VLOOKUP(E301,'(新)ﾍﾞﾝﾀﾞｰ小型'!$A$3:$K$300,8,0), "") | G301: =IFERROR(VLOOKUP(E301,'(旧)ﾍﾞﾝﾀﾞｰ小型'!$A$3:$K$310,10,0),"") | H301: ⇒ | I301: =IFERROR(VLOOKUP(E301,'(新)ﾍﾞﾝﾀﾞｰ小型'!$A$3:$K$300,10,0),"")
A302: 301 | B302: =IFERROR(VLOOKUP(E302,'(新)ﾍﾞﾝﾀﾞｰ小型'!$A$3:$K$241,2,0), "") | C302: =IFERROR(VLOOKUP(E302,'(新)ﾍﾞﾝﾀﾞｰ小型'!$A$3:$K$300,4,0), "") | D302: =IFERROR(VLOOKUP(E302,'(新)ﾍﾞﾝﾀﾞｰ小型'!$A$3:$K$241,5,0), "") | E302: ='(新)ﾍﾞﾝﾀﾞｰ小型'!A303 -> TS82577331 | F302: =IFERROR(VLOOKUP(E302,'(新)ﾍﾞﾝﾀﾞｰ小型'!$A$3:$K$300,8,0), "") | G302: =IFERROR(VLOOKUP(E302,'(旧)ﾍﾞﾝﾀﾞｰ小型'!$A$3:$K$310,10,0),"") | H302: ⇒ | I302: =IFERROR(VLOOKUP(E302,'(新)ﾍﾞﾝﾀﾞｰ小型'!$A$3:$K$300,10,0),"")
A303: 302 | B303: =IFERROR(VLOOKUP(E303,'(新)ﾍﾞﾝﾀﾞｰ小型'!$A$3:$K$241,2,0), "") | C303: =IFERROR(VLOOKUP(E303,'(新)ﾍﾞﾝﾀﾞｰ小型'!$A$3:$K$300,4,0), "") | D303: =IFERROR(VLOOKUP(E303,'(新)ﾍﾞﾝﾀﾞｰ小型'!$A$3:$K$241,5,0), "") | E303: ='(新)ﾍﾞﾝﾀﾞｰ小型'!A304 -> TS82577333 | F303: =IFERROR(VLOOKUP(E303,'(新)ﾍﾞﾝﾀﾞｰ小型'!$A$3:$K$300,8,0), "") | G303: =IFERROR(VLOOKUP(E303,'(旧)ﾍﾞﾝﾀﾞｰ小型'!$A$3:$K$310,10,0),"") | H303: ⇒ | I303: =IFERROR(VLOOKUP(E303,'(新)ﾍﾞﾝﾀﾞｰ小型'!$A$3:$K$300,10,0),"")
A304: 303 | B304: =IFERROR(VLOOKUP(E304,'(新)ﾍﾞﾝﾀﾞｰ小型'!$A$3:$K$241,2,0), "") | C304: =IFERROR(VLOOKUP(E304,'(新)ﾍﾞﾝﾀﾞｰ小型'!$A$3:$K$300,4,0), "") | D304: =IFERROR(VLOOKUP(E304,'(新)ﾍﾞﾝﾀﾞｰ小型'!$A$3:$K$241,5,0), "") | E304: ='(新)ﾍﾞﾝﾀﾞｰ小型'!A305 -> TS82577332 | F304: =IFERROR(VLOOKUP(E304,'(新)ﾍﾞﾝﾀﾞｰ小型'!$A$3:$K$300,8,0), "") | G304: =IFERROR(VLOOKUP(E304,'(旧)ﾍﾞﾝﾀﾞｰ小型'!$A$3:$K$310,10,0),"") | H304: ⇒ | I304: =IFERROR(VLOOKUP(E304,'(新)ﾍﾞﾝﾀﾞｰ小型'!$A$3:$K$300,10,0),"")
A305: 304 | B305: =IFERROR(VLOOKUP(E305,'(新)ﾍﾞﾝﾀﾞｰ小型'!$A$3:$K$241,2,0), "") | C305: =IFERROR(VLOOKUP(E305,'(新)ﾍﾞﾝﾀﾞｰ小型'!$A$3:$K$300,4,0), "") | D305: =IFERROR(VLOOKUP(E305,'(新)ﾍﾞﾝﾀﾞｰ小型'!$A$3:$K$241,5,0), "") | E305: ='(新)ﾍﾞﾝﾀﾞｰ小型'!A306 -> TS82577342 | F305: =IFERROR(VLOOKUP(E305,'(新)ﾍﾞﾝﾀﾞｰ小型'!$A$3:$K$300,8,0), "") | G305: =IFERROR(VLOOKUP(E305,'(旧)ﾍﾞﾝﾀﾞｰ小型'!$A$3:$K$310,10,0),"") | H305: ⇒ | I305: =IFERROR(VLOOKUP(E305,'(新)ﾍﾞﾝﾀﾞｰ小型'!$A$3:$K$300,10,0),"")
A306: 305 | B306: =IFERROR(VLOOKUP(E306,'(新)ﾍﾞﾝﾀﾞｰ小型'!$A$3:$K$241,2,0), "") | C306: =IFERROR(VLOOKUP(E306,'(新)ﾍﾞﾝﾀﾞｰ小型'!$A$3:$K$300,4,0), "") | D306: =IFERROR(VLOOKUP(E306,'(新)ﾍﾞﾝﾀﾞｰ小型'!$A$3:$K$241,5,0), "") | E306: ='(新)ﾍﾞﾝﾀﾞｰ小型'!A307 -> TS13377388 | F306: =IFERROR(VLOOKUP(E306,'(新)ﾍﾞﾝﾀﾞｰ小型'!$A$3:$K$300,8,0), "") | G306: =IFERROR(VLOOKUP(E306,'(旧)ﾍﾞﾝﾀﾞｰ小型'!$A$3:$K$310,10,0),"") | H306: ⇒ | I306: =IFERROR(VLOOKUP(E306,'(新)ﾍﾞﾝﾀﾞｰ小型'!$A$3:$K$300,10,0),"")
A307: 306 | B307: =IFERROR(VLOOKUP(E307,'(新)ﾍﾞﾝﾀﾞｰ小型'!$A$3:$K$241,2,0), "") | C307: =IFERROR(VLOOKUP(E307,'(新)ﾍﾞﾝﾀﾞｰ小型'!$A$3:$K$300,4,0), "") | D307: =IFERROR(VLOOKUP(E307,'(新)ﾍﾞﾝﾀﾞｰ小型'!$A$3:$K$241,5,0), "") | E307: ='(新)ﾍﾞﾝﾀﾞｰ小型'!A308 -> TS13377387 | F307: =IFERROR(VLOOKUP(E307,'(新)ﾍﾞﾝﾀﾞｰ小型'!$A$3:$K$300,8,0), "") | G307: =IFERROR(VLOOKUP(E307,'(旧)ﾍﾞﾝﾀﾞｰ小型'!$A$3:$K$310,10,0),"") | H307: ⇒ | I307: =IFERROR(VLOOKUP(E307,'(新)ﾍﾞﾝﾀﾞｰ小型'!$A$3:$K$300,10,0),"")
A308: 307 | B308: =IFERROR(VLOOKUP(E308,'(新)ﾍﾞﾝﾀﾞｰ小型'!$A$3:$K$241,2,0), "") | C308: =IFERROR(VLOOKUP(E308,'(新)ﾍﾞﾝﾀﾞｰ小型'!$A$3:$K$300,4,0), "") | D308: =IFERROR(VLOOKUP(E308,'(新)ﾍﾞﾝﾀﾞｰ小型'!$A$3:$K$241,5,0), "") | E308: ='(新)ﾍﾞﾝﾀﾞｰ小型'!A309 -> 0 | F308: =IFERROR(VLOOKUP(E308,'(新)ﾍﾞﾝﾀﾞｰ小型'!$A$3:$K$300,8,0), "") | G308: =IFERROR(VLOOKUP(E308,'(旧)ﾍﾞﾝﾀﾞｰ小型'!$A$3:$K$310,10,0),"") | H308: ⇒ | I308: =IFERROR(VLOOKUP(E308,'(新)ﾍﾞﾝﾀﾞｰ小型'!$A$3:$K$300,10,0),"")
A309: 308 | B309: =IFERROR(VLOOKUP(E309,'(新)ﾍﾞﾝﾀﾞｰ小型'!$A$3:$K$241,2,0), "") | C309: =IFERROR(VLOOKUP(E309,'(新)ﾍﾞﾝﾀﾞｰ小型'!$A$3:$K$300,4,0), "") | D309: =IFERROR(VLOOKUP(E309,'(新)ﾍﾞﾝﾀﾞｰ小型'!$A$3:$K$241,5,0), "") | E309: ='(新)ﾍﾞﾝﾀﾞｰ小型'!A310 -> 0 | F309: =IFERROR(VLOOKUP(E309,'(新)ﾍﾞﾝﾀﾞｰ小型'!$A$3:$K$300,8,0), "") | G309: =IFERROR(VLOOKUP(E309,'(旧)ﾍﾞﾝﾀﾞｰ小型'!$A$3:$K$310,10,0),"") | H309: ⇒ | I309: =IFERROR(VLOOKUP(E309,'(新)ﾍﾞﾝﾀﾞｰ小型'!$A$3:$K$300,10,0),"")
A310: 309 | B310: =IFERROR(VLOOKUP(E310,'(新)ﾍﾞﾝﾀﾞｰ小型'!$A$3:$K$241,2,0), "") | C310: =IFERROR(VLOOKUP(E310,'(新)ﾍﾞﾝﾀﾞｰ小型'!$A$3:$K$300,4,0), "") | D310: =IFERROR(VLOOKUP(E310,'(新)ﾍﾞﾝﾀﾞｰ小型'!$A$3:$K$241,5,0), "") | E310: ='(新)ﾍﾞﾝﾀﾞｰ小型'!A311 -> 0 | F310: =IFERROR(VLOOKUP(E310,'(新)ﾍﾞﾝﾀﾞｰ小型'!$A$3:$K$300,8,0), "") | G310: =IFERROR(VLOOKUP(E310,'(旧)ﾍﾞﾝﾀﾞｰ小型'!$A$3:$K$310,10,0),"") | H310: ⇒ | I310: =IFERROR(VLOOKUP(E310,'(新)ﾍﾞﾝﾀﾞｰ小型'!$A$3:$K$300,10,0),"")
A311: 310 | B311: =IFERROR(VLOOKUP(E311,'(新)ﾍﾞﾝﾀﾞｰ小型'!$A$3:$K$241,2,0), "") | C311: =IFERROR(VLOOKUP(E311,'(新)ﾍﾞﾝﾀﾞｰ小型'!$A$3:$K$300,4,0), "") | D311: =IFERROR(VLOOKUP(E311,'(新)ﾍﾞﾝﾀﾞｰ小型'!$A$3:$K$241,5,0), "") | E311: ='(新)ﾍﾞﾝﾀﾞｰ小型'!A312 -> 0 | F311: =IFERROR(VLOOKUP(E311,'(新)ﾍﾞﾝﾀﾞｰ小型'!$A$3:$K$300,8,0), "") | G311: =IFERROR(VLOOKUP(E311,'(旧)ﾍﾞﾝﾀﾞｰ小型'!$A$3:$K$310,10,0),"") | H311: ⇒ | I311: =IFERROR(VLOOKUP(E311,'(新)ﾍﾞﾝﾀﾞｰ小型'!$A$3:$K$300,10,0),"")
A312: 311 | B312: =IFERROR(VLOOKUP(E312,'(新)ﾍﾞﾝﾀﾞｰ小型'!$A$3:$K$241,2,0), "") | C312: =IFERROR(VLOOKUP(E312,'(新)ﾍﾞﾝﾀﾞｰ小型'!$A$3:$K$300,4,0), "") | D312: =IFERROR(VLOOKUP(E312,'(新)ﾍﾞﾝﾀﾞｰ小型'!$A$3:$K$241,5,0), "") | E312: ='(新)ﾍﾞﾝﾀﾞｰ小型'!A313 -> 0 | F312: =IFERROR(VLOOKUP(E312,'(新)ﾍﾞﾝﾀﾞｰ小型'!$A$3:$K$241,8,0), "") | G312: =IFERROR(VLOOKUP(E312,'(旧)ﾍﾞﾝﾀﾞｰ小型'!$A$3:$K$310,10,0),"") | H312: ⇒ | I312: =IFERROR(VLOOKUP(E312,'(新)ﾍﾞﾝﾀﾞｰ小型'!$A$3:$K$300,10,0),"")
A313: 312 | B313: =IFERROR(VLOOKUP(E313,'(新)ﾍﾞﾝﾀﾞｰ小型'!$A$3:$K$241,2,0), "") | C313: =IFERROR(VLOOKUP(E313,'(新)ﾍﾞﾝﾀﾞｰ小型'!$A$3:$K$300,4,0), "") | D313: =IFERROR(VLOOKUP(E313,'(新)ﾍﾞﾝﾀﾞｰ小型'!$A$3:$K$241,5,0), "") | E313: ='(新)ﾍﾞﾝﾀﾞｰ小型'!A314 -> 0 | F313: =IFERROR(VLOOKUP(E313,'(新)ﾍﾞﾝﾀﾞｰ小型'!$A$3:$K$241,8,0), "") | G313: =IFERROR(VLOOKUP(E313,'(旧)ﾍﾞﾝﾀﾞｰ小型'!$A$3:$K$310,10,0),"") | H313: ⇒ | I313: =IFERROR(VLOOKUP(E313,'(新)ﾍﾞﾝﾀﾞｰ小型'!$A$3:$K$300,10,0),"")
A314: 313 | B314: =IFERROR(VLOOKUP(E314,'(新)ﾍﾞﾝﾀﾞｰ小型'!$A$3:$K$241,2,0), "") | C314: =IFERROR(VLOOKUP(E314,'(新)ﾍﾞﾝﾀﾞｰ小型'!$A$3:$K$300,4,0), "") | D314: =IFERROR(VLOOKUP(E314,'(新)ﾍﾞﾝﾀﾞｰ小型'!$A$3:$K$241,5,0), "") | E314: ='(新)ﾍﾞﾝﾀﾞｰ小型'!A315 -> 0 | F314: =IFERROR(VLOOKUP(E314,'(新)ﾍﾞﾝﾀﾞｰ小型'!$A$3:$K$241,8,0), "") | G314: =IFERROR(VLOOKUP(E314,'(旧)ﾍﾞﾝﾀﾞｰ小型'!$A$3:$K$310,10,0),"") | H314: ⇒ | I314: =IFERROR(VLOOKUP(E314,'(新)ﾍﾞﾝﾀﾞｰ小型'!$A$3:$K$300,10,0),"")
A315: 314 | B315: =IFERROR(VLOOKUP(E315,'(新)ﾍﾞﾝﾀﾞｰ小型'!$A$3:$K$241,2,0), "") | C315: =IFERROR(VLOOKUP(E315,'(新)ﾍﾞﾝﾀﾞｰ小型'!$A$3:$K$300,4,0), "") | D315: =IFERROR(VLOOKUP(E315,'(新)ﾍﾞﾝﾀﾞｰ小型'!$A$3:$K$241,5,0), "") | E315: ='(新)ﾍﾞﾝﾀﾞｰ小型'!A316 -> 0 | F315: =IFERROR(VLOOKUP(E315,'(新)ﾍﾞﾝﾀﾞｰ小型'!$A$3:$K$241,8,0), "") | G315: =IFERROR(VLOOKUP(E315,'(旧)ﾍﾞﾝﾀﾞｰ小型'!$A$3:$K$310,10,0),"") | H315: ⇒ | I315: =IFERROR(VLOOKUP(E315,'(新)ﾍﾞﾝﾀﾞｰ小型'!$A$3:$K$300,10,0),"")
A316: 315 | B316: =IFERROR(VLOOKUP(E316,'(新)ﾍﾞﾝﾀﾞｰ小型'!$A$3:$K$241,2,0), "") | C316: =IFERROR(VLOOKUP(E316,'(新)ﾍﾞﾝﾀﾞｰ小型'!$A$3:$K$300,4,0), "") | D316: =IFERROR(VLOOKUP(E316,'(新)ﾍﾞﾝﾀﾞｰ小型'!$A$3:$K$241,5,0), "") | E316: ='(新)ﾍﾞﾝﾀﾞｰ小型'!A317 -> 0 | F316: =IFERROR(F22VLOOKUP(E316,'(新)ﾍﾞﾝﾀﾞｰ小型'!$A$3:$K$241,8,0), "") | G316: =IFERROR(VLOOKUP(E316,'(旧)ﾍﾞﾝﾀﾞｰ小型'!$A$3:$K$310,10,0),"") | H316: ⇒ | I316: =IFERROR(VLOOKUP(E316,'(新)ﾍﾞﾝﾀﾞｰ小型'!$A$3:$K$300,10,0),"")
A317: 316 | B317: =IFERROR(VLOOKUP(E317,'(新)ﾍﾞﾝﾀﾞｰ小型'!$A$3:$K$241,2,0), "") | C317: =IFERROR(VLOOKUP(E317,'(新)ﾍﾞﾝﾀﾞｰ小型'!$A$3:$K$300,4,0), "") | D317: =IFERROR(VLOOKUP(E317,'(新)ﾍﾞﾝﾀﾞｰ小型'!$A$3:$K$241,5,0), "") | E317: ='(新)ﾍﾞﾝﾀﾞｰ小型'!A318 -> 0 | F317: =IFERROR(VLOOKUP(E317,'(新)ﾍﾞﾝﾀﾞｰ小型'!$A$3:$K$241,8,0), "") | G317: =IFERROR(VLOOKUP(E317,'(旧)ﾍﾞﾝﾀﾞｰ小型'!$A$3:$K$310,10,0),"") | H317: ⇒ | I317: =IFERROR(VLOOKUP(E317,'(新)ﾍﾞﾝﾀﾞｰ小型'!$A$3:$K$300,10,0),"")
A318: 317 | B318: =IFERROR(VLOOKUP(E318,'(新)ﾍﾞﾝﾀﾞｰ小型'!$A$3:$K$241,2,0), "") | C318: =IFERROR(VLOOKUP(E318,'(新)ﾍﾞﾝﾀﾞｰ小型'!$A$3:$K$300,4,0), "") | D318: =IFERROR(VLOOKUP(E318,'(新)ﾍﾞﾝﾀﾞｰ小型'!$A$3:$K$241,5,0), "") | E318: ='(新)ﾍﾞﾝﾀﾞｰ小型'!A319 -> 0 | F318: =IFERROR(VLOOKUP(E318,'(新)ﾍﾞﾝﾀﾞｰ小型'!$A$3:$K$241,8,0), "") | G318: =IFERROR(VLOOKUP(E318,'(旧)ﾍﾞﾝﾀﾞｰ小型'!$A$3:$K$310,10,0),"") | H318: ⇒ | I318: =IFERROR(VLOOKUP(E318,'(新)ﾍﾞﾝﾀﾞｰ小型'!$A$3:$K$300,10,0),"")
A319: 318 | B319: =IFERROR(VLOOKUP(E319,'(新)ﾍﾞﾝﾀﾞｰ小型'!$A$3:$K$241,2,0), "") | C319: =IFERROR(VLOOKUP(E319,'(新)ﾍﾞﾝﾀﾞｰ小型'!$A$3:$K$300,4,0), "") | D319: =IFERROR(VLOOKUP(E319,'(新)ﾍﾞﾝﾀﾞｰ小型'!$A$3:$K$241,5,0), "") | E319: ='(新)ﾍﾞﾝﾀﾞｰ小型'!A320 -> 0 | F319: =IFERROR(VLOOKUP(E319,'(新)ﾍﾞﾝﾀﾞｰ小型'!$A$3:$K$241,8,0), "") | G319: =IFERROR(VLOOKUP(E319,'(旧)ﾍﾞﾝﾀﾞｰ小型'!$A$3:$K$310,10,0),"") | H319: ⇒ | I319: =IFERROR(VLOOKUP(E319,'(新)ﾍﾞﾝﾀﾞｰ小型'!$A$3:$K$300,10,0),"")
A320: 319 | B320: =IFERROR(VLOOKUP(E320,'(新)ﾍﾞﾝﾀﾞｰ小型'!$A$3:$K$241,2,0), "") | C320: =IFERROR(VLOOKUP(E320,'(新)ﾍﾞﾝﾀﾞｰ小型'!$A$3:$K$300,4,0), "") | D320: =IFERROR(VLOOKUP(E320,'(新)ﾍﾞﾝﾀﾞｰ小型'!$A$3:$K$241,5,0), "") | E320: ='(新)ﾍﾞﾝﾀﾞｰ小型'!A321 -> 0 | F320: =IFERROR(VLOOKUP(E320,'(新)ﾍﾞﾝﾀﾞｰ小型'!$A$3:$K$241,8,0), "") | G320: =IFERROR(VLOOKUP(E320,'(旧)ﾍﾞﾝﾀﾞｰ小型'!$A$3:$K$310,10,0),"") | H320: ⇒ | I320: =IFERROR(VLOOKUP(E320,'(新)ﾍﾞﾝﾀﾞｰ小型'!$A$3:$K$300,10,0),"")
B321: =IFERROR(VLOOKUP(E321,'(新)ﾍﾞﾝﾀﾞｰ小型'!$A$3:$K$241,2,0), "") | C321: =IFERROR(VLOOKUP(E321,'(新)ﾍﾞﾝﾀﾞｰ小型'!$A$3:$K$300,4,0), "") | D321: =IFERROR(VLOOKUP(E321,'(新)ﾍﾞﾝﾀﾞｰ小型'!$A$3:$K$241,5,0), "") | F321: =IFERROR(VLOOKUP(E321,'(新)ﾍﾞﾝﾀﾞｰ小型'!$A$3:$K$241,8,0), "") | G321: =IFERROR(VLOOKUP(E321,'(旧)ﾍﾞﾝﾀﾞｰ小型'!$A$3:$K$310,10,0),"") | H321: ⇒ | I321: =IFERROR(VLOOKUP(E321,'(新)ﾍﾞﾝﾀﾞｰ小型'!$A$3:$K$300,10,0),"")
B322: =IFERROR(VLOOKUP(E322,'(新)ﾍﾞﾝﾀﾞｰ小型'!$A$3:$K$241,2,0), "") | C322: =IFERROR(VLOOKUP(E322,'(新)ﾍﾞﾝﾀﾞｰ小型'!$A$3:$K$300,4,0), "") | D322: =IFERROR(VLOOKUP(E322,'(新)ﾍﾞﾝﾀﾞｰ小型'!$A$3:$K$241,5,0), "") | F322: =IFERROR(VLOOKUP(E322,'(新)ﾍﾞﾝﾀﾞｰ小型'!$A$3:$K$241,8,0), "") | G322: =IFERROR(VLOOKUP(E322,'(旧)ﾍﾞﾝﾀﾞｰ小型'!$A$3:$K$310,10,0),"") | H322: ⇒ | I322: =IFERROR(VLOOKUP(E322,'(新)ﾍﾞﾝﾀﾞｰ小型'!$A$3:$K$300,10,0),"")
B323: =IFERROR(VLOOKUP(E323,'(新)ﾍﾞﾝﾀﾞｰ小型'!$A$3:$K$241,2,0), "") | C323: =IFERROR(VLOOKUP(E323,'(新)ﾍﾞﾝﾀﾞｰ小型'!$A$3:$K$300,4,0), "") | D323: =IFERROR(VLOOKUP(E323,'(新)ﾍﾞﾝﾀﾞｰ小型'!$A$3:$K$241,5,0), "") | F323: =IFERROR(VLOOKUP(E323,'(新)ﾍﾞﾝﾀﾞｰ小型'!$A$3:$K$241,8,0), "") | G323: =IFERROR(VLOOKUP(E323,'(旧)ﾍﾞﾝﾀﾞｰ小型'!$A$3:$K$310,10,0),"") | H323: ⇒ | I323: =IFERROR(VLOOKUP(E323,'(新)ﾍﾞﾝﾀﾞｰ小型'!$A$3:$K$300,10,0),"")
B324: =IFERROR(VLOOKUP(E324,'(新)ﾍﾞﾝﾀﾞｰ小型'!$A$3:$K$241,2,0), "") | C324: =IFERROR(VLOOKUP(E324,'(新)ﾍﾞﾝﾀﾞｰ小型'!$A$3:$K$300,4,0), "") | D324: =IFERROR(VLOOKUP(E324,'(新)ﾍﾞﾝﾀﾞｰ小型'!$A$3:$K$241,5,0), "") | F324: =IFERROR(VLOOKUP(E324,'(新)ﾍﾞﾝﾀﾞｰ小型'!$A$3:$K$241,8,0), "") | G324: =IFERROR(VLOOKUP(E324,'(旧)ﾍﾞﾝﾀﾞｰ小型'!$A$3:$K$310,10,0),"") | H324: ⇒ | I324: =IFERROR(VLOOKUP(E324,'(新)ﾍﾞﾝﾀﾞｰ小型'!$A$3:$K$300,10,0),"")
B325: =IFERROR(VLOOKUP(E325,'(新)ﾍﾞﾝﾀﾞｰ小型'!$A$3:$K$241,2,0), "") | C325: =IFERROR(VLOOKUP(E325,'(新)ﾍﾞﾝﾀﾞｰ小型'!$A$3:$K$300,4,0), "") | D325: =IFERROR(VLOOKUP(E325,'(新)ﾍﾞﾝﾀﾞｰ小型'!$A$3:$K$241,5,0), "") | F325: =IFERROR(VLOOKUP(E325,'(新)ﾍﾞﾝﾀﾞｰ小型'!$A$3:$K$241,8,0), "") | G325: =IFERROR(VLOOKUP(E325,'(旧)ﾍﾞﾝﾀﾞｰ小型'!$A$3:$K$310,10,0),"") | H325: ⇒ | I325: =IFERROR(VLOOKUP(E325,'(新)ﾍﾞﾝﾀﾞｰ小型'!$A$3:$K$300,10,0),"")
B326: =IFERROR(VLOOKUP(E326,'(新)ﾍﾞﾝﾀﾞｰ小型'!$A$3:$K$241,2,0), "") | C326: =IFERROR(VLOOKUP(E326,'(新)ﾍﾞﾝﾀﾞｰ小型'!$A$3:$K$300,4,0), "") | D326: =IFERROR(VLOOKUP(E326,'(新)ﾍﾞﾝﾀﾞｰ小型'!$A$3:$K$241,5,0), "") | F326: =IFERROR(VLOOKUP(E326,'(新)ﾍﾞﾝﾀﾞｰ小型'!$A$3:$K$241,8,0), "") | G326: =IFERROR(VLOOKUP(E326,'(旧)ﾍﾞﾝﾀﾞｰ小型'!$A$3:$K$310,10,0),"") | H326: ⇒ | I326: =IFERROR(VLOOKUP(E326,'(新)ﾍﾞﾝﾀﾞｰ小型'!$A$3:$K$300,10,0),"")
B327: =IFERROR(VLOOKUP(E327,'(新)ﾍﾞﾝﾀﾞｰ小型'!$A$3:$K$241,2,0), "") | C327: =IFERROR(VLOOKUP(E327,'(新)ﾍﾞﾝﾀﾞｰ小型'!$A$3:$K$300,4,0), "") | D327: =IFERROR(VLOOKUP(E327,'(新)ﾍﾞﾝﾀﾞｰ小型'!$A$3:$K$241,5,0), "") | F327: =IFERROR(VLOOKUP(E327,'(新)ﾍﾞﾝﾀﾞｰ小型'!$A$3:$K$241,8,0), "") | G327: =IFERROR(VLOOKUP(E327,'(旧)ﾍﾞﾝﾀﾞｰ小型'!$A$3:$K$310,10,0),"") | H327: ⇒ | I327: =IFERROR(VLOOKUP(E327,'(新)ﾍﾞﾝﾀﾞｰ小型'!$A$3:$K$300,10,0),"")
B328: =IFERROR(VLOOKUP(E328,'(新)ﾍﾞﾝﾀﾞｰ小型'!$A$3:$K$241,2,0), "") | C328: =IFERROR(VLOOKUP(E328,'(新)ﾍﾞﾝﾀﾞｰ小型'!$A$3:$K$300,4,0), "") | D328: =IFERROR(VLOOKUP(E328,'(新)ﾍﾞﾝﾀﾞｰ小型'!$A$3:$K$241,5,0), "") | F328: =IFERROR(VLOOKUP(E328,'(新)ﾍﾞﾝﾀﾞｰ小型'!$A$3:$K$241,8,0), "") | G328: =IFERROR(VLOOKUP(E328,'(旧)ﾍﾞﾝﾀﾞｰ小型'!$A$3:$K$310,10,0),"") | H328: ⇒ | I328: =IFERROR(VLOOKUP(E328,'(新)ﾍﾞﾝﾀﾞｰ小型'!$A$3:$K$300,10,0),"")
B329: =IFERROR(VLOOKUP(E329,'(新)ﾍﾞﾝﾀﾞｰ小型'!$A$3:$K$241,2,0), "") | C329: =IFERROR(VLOOKUP(E329,'(新)ﾍﾞﾝﾀﾞｰ小型'!$A$3:$K$300,4,0), "") | D329: =IFERROR(VLOOKUP(E329,'(新)ﾍﾞﾝﾀﾞｰ小型'!$A$3:$K$241,5,0), "") | F329: =IFERROR(VLOOKUP(E329,'(新)ﾍﾞﾝﾀﾞｰ小型'!$A$3:$K$241,8,0), "") | G329: =IFERROR(VLOOKUP(E329,'(旧)ﾍﾞﾝﾀﾞｰ小型'!$A$3:$K$310,10,0),"") | H329: ⇒ | I329: =IFERROR(VLOOKUP(E329,'(新)ﾍﾞﾝﾀﾞｰ小型'!$A$3:$K$300,10,0),"")
B330: =IFERROR(VLOOKUP(E330,'(新)ﾍﾞﾝﾀﾞｰ小型'!$A$3:$K$241,2,0), "") | C330: =IFERROR(VLOOKUP(E330,'(新)ﾍﾞﾝﾀﾞｰ小型'!$A$3:$K$300,4,0), "") | D330: =IFERROR(VLOOKUP(E330,'(新)ﾍﾞﾝﾀﾞｰ小型'!$A$3:$K$241,5,0), "") | F330: =IFERROR(VLOOKUP(E330,'(新)ﾍﾞﾝﾀﾞｰ小型'!$A$3:$K$241,8,0), "") | G330: =IFERROR(VLOOKUP(E330,'(旧)ﾍﾞﾝﾀﾞｰ小型'!$A$3:$K$310,10,0),"") | H330: ⇒ | I330: =IFERROR(VLOOKUP(E330,'(新)ﾍﾞﾝﾀﾞｰ小型'!$A$3:$K$300,10,0),"")
B331: =IFERROR(VLOOKUP(E331,'(新)ﾍﾞﾝﾀﾞｰ小型'!$A$3:$K$241,2,0), "") | C331: =IFERROR(VLOOKUP(E331,'(新)ﾍﾞﾝﾀﾞｰ小型'!$A$3:$K$300,4,0), "") | D331: =IFERROR(VLOOKUP(E331,'(新)ﾍﾞﾝﾀﾞｰ小型'!$A$3:$K$241,5,0), "") | F331: =IFERROR(VLOOKUP(E331,'(新)ﾍﾞﾝﾀﾞｰ小型'!$A$3:$K$241,8,0), "") | G331: =IFERROR(VLOOKUP(E331,'(旧)ﾍﾞﾝﾀﾞｰ小型'!$A$3:$K$310,10,0),"") | H331: ⇒ | I331: =IFERROR(VLOOKUP(E331,'(新)ﾍﾞﾝﾀﾞｰ小型'!$A$3:$K$300,10,0),"")
B332: =IFERROR(VLOOKUP(E332,'(新)ﾍﾞﾝﾀﾞｰ小型'!$A$3:$K$241,2,0), "") | C332: =IFERROR(VLOOKUP(E332,'(新)ﾍﾞﾝﾀﾞｰ小型'!$A$3:$K$300,4,0), "") | D332: =IFERROR(VLOOKUP(E332,'(新)ﾍﾞﾝﾀﾞｰ小型'!$A$3:$K$241,5,0), "") | F332: =IFERROR(VLOOKUP(E332,'(新)ﾍﾞﾝﾀﾞｰ小型'!$A$3:$K$241,8,0), "") | G332: =IFERROR(VLOOKUP(E332,'(旧)ﾍﾞﾝﾀﾞｰ小型'!$A$3:$K$310,10,0),"") | H332: ⇒ | I332: =IFERROR(VLOOKUP(E332,'(新)ﾍﾞﾝﾀﾞｰ小型'!$A$3:$K$300,10,0),"")
... B400: =IFERROR(VLOOKUP(E400,'(新)ﾍﾞﾝﾀﾞｰ小型'!$A$3:$K$241,2,0), "") | C400: =IFERROR(VLOOKUP(E400,'(新)ﾍﾞﾝﾀﾞｰ小型'!$A$3:$K$300,4,0), "") | D400: =IFERROR(VLOOKUP(E400,'(新)ﾍﾞﾝﾀﾞｰ小型'!$A$3:$K$241,5,0), "") | F400: =IFERROR(VLOOKUP(E400,'(新)ﾍﾞﾝﾀﾞｰ小型'!$A$3:$K$241,8,0), "") | G400: =IFERROR(VLOOKUP(E400,'(旧)ﾍﾞﾝﾀﾞｰ小型'!$A$3:$K$310,10,0),"") | H400: ⇒ | I400: =IFERROR(VLOOKUP(E400,'(新)ﾍﾞﾝﾀﾞｰ小型'!$A$3:$K$300,10,0),"")
B401: =IFERROR(VLOOKUP(E401,'(新)ﾍﾞﾝﾀﾞｰ小型'!$A$3:$K$241,2,0), "") | C401: =IFERROR(VLOOKUP(E401,'(新)ﾍﾞﾝﾀﾞｰ小型'!$A$3:$K$241,4,0), "") | D401: =IFERROR(VLOOKUP(E401,'(新)ﾍﾞﾝﾀﾞｰ小型'!$A$3:$K$241,5,0), "") | F401: =IFERROR(VLOOKUP(E401,'(新)ﾍﾞﾝﾀﾞｰ小型'!$A$3:$K$241,8,0), "") | G401: =IFERROR(VLOOKUP(E401,'(旧)ﾍﾞﾝﾀﾞｰ小型'!$A$3:$K$310,10,0),"") | H401: ⇒ | I401: =IFERROR(VLOOKUP(E401,'(新)ﾍﾞﾝﾀﾞｰ小型'!$A$3:$K$300,10,0),"")
B402: =IFERROR(VLOOKUP(E402,'(新)ﾍﾞﾝﾀﾞｰ小型'!$A$3:$K$241,2,0), "") | C402: =IFERROR(VLOOKUP(E402,'(新)ﾍﾞﾝﾀﾞｰ小型'!$A$3:$K$241,4,0), "") | D402: =IFERROR(VLOOKUP(E402,'(新)ﾍﾞﾝﾀﾞｰ小型'!$A$3:$K$241,5,0), "") | F402: =IFERROR(VLOOKUP(E402,'(新)ﾍﾞﾝﾀﾞｰ小型'!$A$3:$K$241,8,0), "") | G402: =IFERROR(VLOOKUP(E402,'(旧)ﾍﾞﾝﾀﾞｰ小型'!$A$3:$K$310,10,0),"") | H402: ⇒ | I402: =IFERROR(VLOOKUP(E402,'(新)ﾍﾞﾝﾀﾞｰ小型'!$A$3:$K$241,10,0),"")
B403: =IFERROR(VLOOKUP(E403,'(新)ﾍﾞﾝﾀﾞｰ小型'!$A$3:$K$241,2,0), "") | C403: =IFERROR(VLOOKUP(E403,'(新)ﾍﾞﾝﾀﾞｰ小型'!$A$3:$K$241,4,0), "") | D403: =IFERROR(VLOOKUP(E403,'(新)ﾍﾞﾝﾀﾞｰ小型'!$A$3:$K$241,5,0), "") | F403: =IFERROR(VLOOKUP(E403,'(新)ﾍﾞﾝﾀﾞｰ小型'!$A$3:$K$241,8,0), "") | G403: =IFERROR(VLOOKUP(E403,'(旧)ﾍﾞﾝﾀﾞｰ小型'!$A$3:$K$310,10,0),"") | H403: ⇒ | I403: =IFERROR(VLOOKUP(E403,'(新)ﾍﾞﾝﾀﾞｰ小型'!$A$3:$K$241,10,0),"")
B404: =IFERROR(VLOOKUP(E404,'(新)ﾍﾞﾝﾀﾞｰ小型'!$A$3:$K$241,2,0), "") | C404: =IFERROR(VLOOKUP(E404,'(新)ﾍﾞﾝﾀﾞｰ小型'!$A$3:$K$241,4,0), "") | D404: =IFERROR(VLOOKUP(E404,'(新)ﾍﾞﾝﾀﾞｰ小型'!$A$3:$K$241,5,0), "") | F404: =IFERROR(VLOOKUP(E404,'(新)ﾍﾞﾝﾀﾞｰ小型'!$A$3:$K$241,8,0), "") | G404: =IFERROR(VLOOKUP(E404,'(旧)ﾍﾞﾝﾀﾞｰ小型'!$A$3:$K$310,10,0),"") | H404: ⇒ | I404: =IFERROR(VLOOKUP(E404,'(新)ﾍﾞﾝﾀﾞｰ小型'!$A$3:$K$241,10,0),"")
B405: =IFERROR(VLOOKUP(E405,'(新)ﾍﾞﾝﾀﾞｰ小型'!$A$3:$K$241,2,0), "") | C405: =IFERROR(VLOOKUP(E405,'(新)ﾍﾞﾝﾀﾞｰ小型'!$A$3:$K$241,4,0), "") | D405: =IFERROR(VLOOKUP(E405,'(新)ﾍﾞﾝﾀﾞｰ小型'!$A$3:$K$241,5,0), "") | F405: =IFERROR(VLOOKUP(E405,'(新)ﾍﾞﾝﾀﾞｰ小型'!$A$3:$K$241,8,0), "") | G405: =IFERROR(VLOOKUP(E405,'(旧)ﾍﾞﾝﾀﾞｰ小型'!$A$3:$K$310,10,0),"") | H405: ⇒ | I405: =IFERROR(VLOOKUP(E405,'(新)ﾍﾞﾝﾀﾞｰ小型'!$A$3:$K$241,10,0),"")
B406: =IFERROR(VLOOKUP(E406,'(新)ﾍﾞﾝﾀﾞｰ小型'!$A$3:$K$241,2,0), "") | C406: =IFERROR(VLOOKUP(E406,'(新)ﾍﾞﾝﾀﾞｰ小型'!$A$3:$K$241,4,0), "") | D406: =IFERROR(VLOOKUP(E406,'(新)ﾍﾞﾝﾀﾞｰ小型'!$A$3:$K$241,5,0), "") | F406: =IFERROR(VLOOKUP(E406,'(新)ﾍﾞﾝﾀﾞｰ小型'!$A$3:$K$241,8,0), "") | G406: =IFERROR(VLOOKUP(E406,'(旧)ﾍﾞﾝﾀﾞｰ小型'!$A$3:$K$310,10,0),"") | H406: ⇒ | I406: =IFERROR(VLOOKUP(E406,'(新)ﾍﾞﾝﾀﾞｰ小型'!$A$3:$K$241,10,0),"")
B407: =IFERROR(VLOOKUP(E407,'(新)ﾍﾞﾝﾀﾞｰ小型'!$A$3:$K$241,2,0), "") | C407: =IFERROR(VLOOKUP(E407,'(新)ﾍﾞﾝﾀﾞｰ小型'!$A$3:$K$241,4,0), "") | D407: =IFERROR(VLOOKUP(E407,'(新)ﾍﾞﾝﾀﾞｰ小型'!$A$3:$K$241,5,0), "") | F407: =IFERROR(VLOOKUP(E407,'(新)ﾍﾞﾝﾀﾞｰ小型'!$A$3:$K$241,8,0), "") | G407: =IFERROR(VLOOKUP(E407,'(旧)ﾍﾞﾝﾀﾞｰ小型'!$A$3:$K$310,10,0),"") | H407: ⇒ | I407: =IFERROR(VLOOKUP(E407,'(新)ﾍﾞﾝﾀﾞｰ小型'!$A$3:$K$241,10,0),"")
B408: =IFERROR(VLOOKUP(E408,'(新)ﾍﾞﾝﾀﾞｰ小型'!$A$3:$K$241,2,0), "") | C408: =IFERROR(VLOOKUP(E408,'(新)ﾍﾞﾝﾀﾞｰ小型'!$A$3:$K$241,4,0), "") | D408: =IFERROR(VLOOKUP(E408,'(新)ﾍﾞﾝﾀﾞｰ小型'!$A$3:$K$241,5,0), "") | F408: =IFERROR(VLOOKUP(E408,'(新)ﾍﾞﾝﾀﾞｰ小型'!$A$3:$K$241,8,0), "") | G408: =IFERROR(VLOOKUP(E408,'(旧)ﾍﾞﾝﾀﾞｰ小型'!$A$3:$K$310,10,0),"") | H408: ⇒ | I408: =IFERROR(VLOOKUP(E408,'(新)ﾍﾞﾝﾀﾞｰ小型'!$A$3:$K$241,10,0),"")
B409: =IFERROR(VLOOKUP(E409,'(新)ﾍﾞﾝﾀﾞｰ小型'!$A$3:$K$241,2,0), "") | C409: =IFERROR(VLOOKUP(E409,'(新)ﾍﾞﾝﾀﾞｰ小型'!$A$3:$K$241,4,0), "") | D409: =IFERROR(VLOOKUP(E409,'(新)ﾍﾞﾝﾀﾞｰ小型'!$A$3:$K$241,5,0), "") | F409: =IFERROR(VLOOKUP(E409,'(新)ﾍﾞﾝﾀﾞｰ小型'!$A$3:$K$241,8,0), "") | G409: =IFERROR(VLOOKUP(E409,'(旧)ﾍﾞﾝﾀﾞｰ小型'!$A$3:$K$310,10,0),"") | H409: ⇒ | I409: =IFERROR(VLOOKUP(E409,'(新)ﾍﾞﾝﾀﾞｰ小型'!$A$3:$K$241,10,0),"")
B410: =IFERROR(VLOOKUP(E410,'(新)ﾍﾞﾝﾀﾞｰ小型'!$A$3:$K$241,2,0), "") | C410: =IFERROR(VLOOKUP(E410,'(新)ﾍﾞﾝﾀﾞｰ小型'!$A$3:$K$241,4,0), "") | D410: =IFERROR(VLOOKUP(E410,'(新)ﾍﾞﾝﾀﾞｰ小型'!$A$3:$K$241,5,0), "") | F410: =IFERROR(VLOOKUP(E410,'(新)ﾍﾞﾝﾀﾞｰ小型'!$A$3:$K$241,8,0), "") | G410: =IFERROR(VLOOKUP(E410,'(旧)ﾍﾞﾝﾀﾞｰ小型'!$A$3:$K$310,10,0),"") | H410: ⇒ | I410: =IFERROR(VLOOKUP(E410,'(新)ﾍﾞﾝﾀﾞｰ小型'!$A$3:$K$241,10,0),"")
B411: =IFERROR(VLOOKUP(E411,'(新)ﾍﾞﾝﾀﾞｰ小型'!$A$3:$K$241,2,0), "") | C411: =IFERROR(VLOOKUP(E411,'(新)ﾍﾞﾝﾀﾞｰ小型'!$A$3:$K$241,4,0), "") | D411: =IFERROR(VLOOKUP(E411,'(新)ﾍﾞﾝﾀﾞｰ小型'!$A$3:$K$241,5,0), "") | F411: =IFERROR(VLOOKUP(E411,'(新)ﾍﾞﾝﾀﾞｰ小型'!$A$3:$K$241,8,0), "") | G411: =IFERROR(VLOOKUP(E411,'(旧)ﾍﾞﾝﾀﾞｰ小型'!$A$3:$K$310,10,0),"") | H411: ⇒ | I411: =IFERROR(VLOOKUP(E411,'(新)ﾍﾞﾝﾀﾞｰ小型'!$A$3:$K$241,10,0),"")
B412: =IFERROR(VLOOKUP(E412,'(新)ﾍﾞﾝﾀﾞｰ小型'!$A$3:$K$241,2,0), "") | C412: =IFERROR(VLOOKUP(E412,'(新)ﾍﾞﾝﾀﾞｰ小型'!$A$3:$K$241,4,0), "") | D412: =IFERROR(VLOOKUP(E412,'(新)ﾍﾞﾝﾀﾞｰ小型'!$A$3:$K$241,5,0), "") | F412: =IFERROR(VLOOKUP(E412,'(新)ﾍﾞﾝﾀﾞｰ小型'!$A$3:$K$241,8,0), "") | G412: =IFERROR(VLOOKUP(E412,'(旧)ﾍﾞﾝﾀﾞｰ小型'!$A$3:$K$310,10,0),"") | H412: ⇒ | I412: =IFERROR(VLOOKUP(E412,'(新)ﾍﾞﾝﾀﾞｰ小型'!$A$3:$K$241,10,0),"")
B413: =IFERROR(VLOOKUP(E413,'(新)ﾍﾞﾝﾀﾞｰ小型'!$A$3:$K$241,2,0), "") | C413: =IFERROR(VLOOKUP(E413,'(新)ﾍﾞﾝﾀﾞｰ小型'!$A$3:$K$241,4,0), "") | D413: =IFERROR(VLOOKUP(E413,'(新)ﾍﾞﾝﾀﾞｰ小型'!$A$3:$K$241,5,0), "") | F413: =IFERROR(VLOOKUP(E413,'(新)ﾍﾞﾝﾀﾞｰ小型'!$A$3:$K$241,8,0), "") | G413: =IFERROR(VLOOKUP(E413,'(旧)ﾍﾞﾝﾀﾞｰ小型'!$A$3:$K$310,10,0),"") | H413: ⇒ | I413: =IFERROR(VLOOKUP(E413,'(新)ﾍﾞﾝﾀﾞｰ小型'!$A$3:$K$241,10,0),"")
... B623: =IFERROR(VLOOKUP(E623,'(新)ﾍﾞﾝﾀﾞｰ小型'!$A$3:$K$241,2,0), "") | C623: =IFERROR(VLOOKUP(E623,'(新)ﾍﾞﾝﾀﾞｰ小型'!$A$3:$K$241,4,0), "") | D623: =IFERROR(VLOOKUP(E623,'(新)ﾍﾞﾝﾀﾞｰ小型'!$A$3:$K$241,5,0), "") | F623: =IFERROR(VLOOKUP(E623,'(新)ﾍﾞﾝﾀﾞｰ小型'!$A$3:$K$241,8,0), "") | G623: =IFERROR(VLOOKUP(E623,'(旧)ﾍﾞﾝﾀﾞｰ小型'!$A$3:$K$310,10,0),"") | H623: ⇒ | I623: =IFERROR(VLOOKUP(E623,'(新)ﾍﾞﾝﾀﾞｰ小型'!$A$3:$K$241,10,0),"")

Sheet (旧)ﾍﾞﾝﾀﾞｰ中型
A1: Ｓｅｒ． | B1: 生産月 | C1: Ｎｏ． | D1: 機種名 | E1: 顧客 | F1: 仕様機種名 | G1: 仕様分類 | H1: 機種品番 | I1: 確定仕様書NO | J1: 着手日 | K1: 完成予定日
A3: HG22302236 | B3: 09月 | C3: 001 | D3: HG2203 | E3: （株）ミワレーザー | F3: HG2203-J | G3: STD | H3: 0F9373 | I3: 193742 | J3: 2026/08/01 | K3: 2026/08/21
A4: HG22448035 | B4: 09月 | C4: 002 | D4: HG2204ARM | E4: （株）徹工業 | F4: HG2204ARM-J | G4: STD | H4: 0A0837 | I4: ARm071 | J4: 2026/08/20 | K4: 2026/09/09
A5: HG22302244 | B5: 09月 | C5: 003 | D5: HG2203.EXP | E5: ＡＭＡＤＡ ＫＯＲＥＡ ＣＯ．，ＬＴＤ． | F5: HG2203-E | G5: STD | H5: 0F9378 | I5: ASB0897 | J5: 2026/08/20 | K5: 2026/09/02
A6: HG22402946 | B6: 09月 | C6: 004 | D6: HG2204 | E6: ナブコアール（株） | F6: HG2204-J | G6: STD | H6: 0F9374 | I6: 182967 | J6: 2026/08/25 | K6: 2026/09/05
A7: HG22404200 | B7: 09月 | C7: 005 | D7: HG2204ATC | E7: 安田技研（株） | F7: HG2204ATC-J | G7: STD | H7: 0F9375 | I7: 182681 | J7: 2026/08/25 | K7: 2026/09/15
A8: HG22402954 | B8: 09月 | C8: 006 | D8: HG2204.EXP | E8: ＡＭＡＤＡ ＣＡＮＡＤＡ ＬＴＤ． | F8: HG2204-E | G8: STD | H8: 0F9379 | I8: BDA1317 | J8: 2026/08/28 | K8: 2026/09/11
A9: HG22402956 | B9: 09月 | C9: 007 | D9: HG2204.EXP | E9: ＡＭＡＤＡ ＡＭＥＲＩＣＡ ＩＮＣ． | F9: HG2204-E | G9: STD | H9: 0F9379 | I9: BDA1310 | J9: 2026/08/28 | K9: 2026/09/11
A10: HG22404195 | B10: 09月 | C10: 008 | D10: HG2204ATC | E10: （株）廣澤精機製作所 | F10: HG2204ATC-J | G10: STD | H10: 0F9375 | I10: 182636 | J10: 2026/09/02 | K10: 2026/09/25
A11: HG22402952 | B11: 09月 | C11: 009 | D11: HG2204.EXP | E11: 【ACL】Metal Contracting | F11: HG2204-E | G11: STD | H11: 0F9379 | I11: BDA1318 | J11: 2026/09/02 | K11: 2026/09/16
A12: HG17302379 | B12: 09月 | C12: 010 | D12: HG1703 | E12: （株）ＴＩＳＭ | F12: HG1703-J | G12: STD | H12: 0F9262 | I12: 182695 | J12: 2026/09/04 | K12: 2026/09/18
A13: HG22402955 | B13: 09月 | C13: 011 | D13: HG2204.EXP | E13: ＡＭＡＤＡ ＡＭＥＲＩＣＡ ＩＮＣ． | F13: HG2204-E | G13: STD | H13: 0F9379 | I13: BDA1312 | J13: 2026/09/04 | K13: 2026/09/18
... A19: HG22402957 | B19: 10月 | C19: 003 | D19: HG2204.EXP | E19: Bao Tien Industrial Company | F19: HG2204-E | G19: STD | H19: 0F9379 | I19: APH0355 | J19: 2026/09/15 | K19: 2026/09/29
A20: HG22402961 | B20: 10月 | C20: 004 | D20: HG2204 | E20: （株）アマダベンディングＳ部 | F20: HG2204-J | G20: STD | H20: 0F9374 | J20: 2026/09/25 | K20: 2026/10/07
A21: HG22402962 | B21: 10月 | C21: 005 | D21: HG2204.EXP | E21: 【CHINA】Delta | F21: HG2204-E | G21: STD | H21: 0F9379 | I21: CN0463 | J21: 2026/09/30 | K21: 2026/10/10
A22: HG22402963 | B22: 10月 | C22: 006 | D22: HG2204.EXP | E22: 【CHINA】Delta | F22: HG2204-E | G22: STD | H22: 0F9379 | I22: CN0462 | J22: 2026/09/30 | K22: 2026/10/10
A23: HG22302246 | B23: 10月 | C23: 007 | D23: HG2203 | E23: ＩＭＣ（株） | F23: HG2203-J | G23: STD | H23: 0F9373 | I23: 194816 | J23: 2026/10/02 | K23: 2026/10/14
A24: HG22302247 | B24: 10月 | C24: 008 | D24: HG2203 | E24: （株）シンコー | F24: HG2203-J | G24: STD | H24: 0F9373 | I24: 194817 | J24: 2026/10/02 | K24: 2026/10/14
A25: HG17302383 | B25: 10月 | C25: 009 | D25: HG1703 | E25: （株）日立アイイーシステム | F25: HG1703-J | G25: STD | H25: 0F9262 | I25: 194845 | J25: 2026/10/10 | K25: 2026/10/23
A26: HG22402969 | B26: 10月 | C26: 010 | D26: HG2204.EXP | E26: ＡＭＡＤＡ ＡＭＥＲＩＣＡ ＩＮＣ． | F26: HG2204-E | G26: STD | H26: 0F9379 | I26: BDA1330 | J26: 2026/10/10 | K26: 2026/10/23
A27: HG22402970 | B27: 10月 | C27: 011 | D27: HG2204.EXP | E27: ＡＭＡＤＡ ＡＭＥＲＩＣＡ ＩＮＣ． | F27: HG2204-E | G27: STD | H27: 0F9379 | I27: BDA1331 | J27: 2026/10/14 | K27: 2026/10/27
A28: HG22402971 | B28: 10月 | C28: 012 | D28: HG2204.EXP | E28: ＡＭＡＤＡ ＣＡＮＡＤＡ ＬＴＤ． | F28: HG2204-E | G28: STD | H28: 0F9379 | I28: BDA1335 | J28: 2026/10/14 | K28: 2026/10/27
A29: HG22448036 | B29: 11月 | C29: 001 | D29: HG2204ARM | E29: （株）徹工業 | F29: HG2204ARM-J | G29: STD | H29: 0A0837 | I29: ARm072 | J29: 2026/10/23 | K29: 2026/11/11
A30: HG22402958 | B30: 11月 | C30: 002 | D30: HG2204.EXP | E30: 【OCEANIA】TEMPERZONE | F30: HG2204-E | G30: STD | H30: 0F9379 | I30: OCE0067 | J30: 2026/10/23 | K30: 2026/11/05
A31: HG22402964 | B31: 11月 | C31: 003 | D31: HG2204.EXP | E31: 【CHINA】Delta | F31: HG2204-E | G31: STD | H31: 0F9379 | I31: CN0464 | J31: 2026/10/28 | K31: 2026/11/09
A32: HG22402965 | B32: 11月 | C32: 004 | D32: HG2204.EXP | E32: 【CHINA】Delta | F32: HG2204-E | G32: STD | H32: 0F9379 | I32: CN0465 | J32: 2026/10/28 | K32: 2026/11/09
... A54: HG22404211 | B54: 01月 | C54: 001 | D54: HG2204ATC.EXP | E54: ＡＭＡＤＡ ＡＭＥＲＩＣＡ ＩＮＣ． | F54: HG2204ATC-E | G54: STD | H54: 0F9380 | I54: BDA1420 | J54: 2026/12/12 | K54: 2027/01/08
A55: HG17302387 | B55: 01月 | C55: 002 | D55: HG1703 | F55: HG1703-J | G55: STD | H55: 0F9262 | J55: 2026/12/16 | K55: 2027/01/05
A56: HG17402208 | B56: 01月 | C56: 003 | D56: HG1704 | F56: HG1704-J | G56: STD | H56: 0F9263 | J56: 2026/12/18 | K56: 2027/01/07
A57: HG22402983 | B57: 01月 | C57: 004 | D57: HG2204 | F57: HG2204-J | G57: STD | H57: 0F9374 | J57: 2026/12/22 | K57: 2027/01/09
A58: HG22402984 | B58: 01月 | C58: 005 | D58: HG2204 | F58: HG2204-J | G58: STD | H58: 0F9374 | J58: 2026/12/24 | K58: 2027/01/13
A59: HG22404210 | B59: 01月 | C59: 006 | D59: HG2204ATC | E59: （株）大明 | F59: HG2204ATC-J | G59: STD | H59: 0F9375 | I59: 2060400 | J59: 2026/12/26 | K59: 2027/01/22
A60: HG22402981 | B60: 01月 | C60: 007 | D60: HG2204.EXP | E60: 台湾 | F60: HG2204-E | G60: STD | H60: 0F9379 | J60: 2027/01/05 | K60: 2027/01/16
A61: HG22402982 | B61: 01月 | C61: 008 | D61: HG2204.EXP | E61: 【CHINA】北京埃鉑精密 | F61: HG2204-E | G61: STD | H61: 0F9379 | I61: CN0539 | J61: 2027/01/07 | K61: 2027/01/20
A62: HG22402986 | B62: 01月 | C62: 009 | D62: HG2204.EXP | E62: ＡＭＡＤＡ ＡＭＥＲＩＣＡ ＩＮＣ． | F62: HG2204-E | G62: STD | H62: 0F9379 | I62: BDA1418 | J62: 2027/01/09 | K62: 2027/01/22
A63: HG22402987 | B63: 01月 | C63: 010 | D63: HG2204.EXP | E63: ＡＭＡＤＡ ＡＭＥＲＩＣＡ ＩＮＣ． | F63: HG2204-E | G63: STD | H63: 0F9379 | I63: BDA1419 | J63: 2027/01/13 | K63: 2027/01/26
A64: HG22302250 | B64: 01月 | C64: 011 | D64: HG2203 | E64: 筑波工業（株） | F64: HG2203-J | G64: STD | H64: 0F9373 | I64: 194895 | J64: 2027/01/15 | K64: 2027/01/28
A65: HG17302386 | B65: 01月 | C65: 012 | D65: HG1703.EXP | E65: 【ACL】Greidy Labs | F65: HG1703-E | G65: STD | H65: 0F9376 | I65: BDA1437 | J65: 2027/01/19 | K65: 2027/01/30
A66: HG22404206 | B66: 02月 | C66: 001 | D66: HG2204ATC.EXP | E66: ＡＭＡＤＡ ＡＭＥＲＩＣＡ ＩＮＣ． | F66: HG2204ATC-E | G66: STD | H66: 0F9380 | I66: BDA1422 | J66: 2027/01/13 | K66: 2027/02/02
A67: HG22404207 | B67: 02月 | C67: 002 | D67: HG2204ATC.EXP | E67: ＡＭＡＤＡ ＡＭＥＲＩＣＡ ＩＮＣ． | F67: HG2204ATC-E | G67: STD | H67: 0F9380 | I67: BDA1423 | J67: 2027/01/15 | K67: 2027/02/04
A68: HG22404205 | B68: 02月 | C68: 003 | D68: HG2204ATC.EXP | E68: ＡＭＡＤＡ ＡＭＥＲＩＣＡ ＩＮＣ． | F68: HG2204ATC-E | G68: STD | H68: 0F9380 | I68: BDA1421 | J68: 2027/01/20 | K68: 2027/02/09
A69: HG17302382 | B69: 02月 | C69: 004 | D69: HG1703 | E69: 東京キデン（株） | F69: HG1703-J | G69: STD | H69: 0F9262 | I69: 182689 | J69: 2027/01/22 | K69: 2027/02/04
A70: HG17302388 | B70: 02月 | C70: 005 | D70: HG1703 | F70: HG1703-J | G70: STD | H70: 0F9262 | J70: 2027/01/23 | K70: 2027/02/05
A71: HG22402996 | B71: 02月 | C71: 006 | D71: HG2204 | F71: HG2204-J | G71: STD | H71: 0F9374 | J71: 2027/01/27 | K71: 2027/02/09
A72: HG22402997 | B72: 02月 | C72: 007 | D72: HG2204 | F72: HG2204-J | G72: STD | H72: 0F9374 | J72: 2027/01/29 | K72: 2027/02/12
A73: HG22402988 | B73: 02月 | C73: 008 | D73: HG2204.EXP | E73: ＡＭＡＤＡ ＡＭＥＲＩＣＡ ＩＮＣ． | F73: HG2204-E | G73: STD | H73: 0F9379 | I73: BDA1427 | J73: 2027/02/02 | K73: 2027/02/16
A74: HG22402989 | B74: 02月 | C74: 009 | D74: HG2204.EXP | E74: ＡＭＡＤＡ ＡＭＥＲＩＣＡ ＩＮＣ． | F74: HG2204-E | G74: STD | H74: 0F9379 | I74: BDA1428 | J74: 2027/02/03 | K74: 2027/02/17
A75: HG17302389 | B75: 02月 | C75: 010 | D75: HG1703 | F75: HG1703-J | G75: STD | H75: 0F9262 | J75: 2027/02/05 | K75: 2027/02/19
A76: HG17402209 | B76: 02月 | C76: 011 | D76: HG1704 | F76: HG1704-J | G76: STD | H76: 0F9263 | J76: 2027/02/09 | K76: 2027/02/24
A77: HG22302251 | B77: 02月 | C77: 012 | D77: HG2203 | F77: HG2203-J | G77: STD | H77: 0F9373 | J77: 2027/02/12 | K77: 2027/02/26
A78: HG22302252 | B78: 02月 | C78: 013 | D78: HG2203 | F78: HG2203-J | G78: STD | H78: 0F9373 | J78: 2027/02/13 | K78: 2027/02/27

Sheet (新)ﾍﾞﾝﾀﾞｰ中型
A1: Ｓｅｒ． | B1: 生産月 | C1: Ｎｏ． | D1: 機種名 | E1: 顧客 | F1: 仕様機種名 | G1: 仕様分類 | H1: 機種品番 | I1: 確定仕様書NO | J1: 着手日 | K1: 完成予定日
A3: HG22404200 | B3: 10月 | C3: 001 | D3: HG2204ATC | E3: 安田技研（株） | F3: HG2204ATC-J | G3: STD | H3: 0F9375 | I3: 182681 | J3: 2026/08/25 | K3: 2026/09/12
A4: HG22402954 | B4: 10月 | C4: 002 | D4: HG2204.EXP | E4: ＡＭＡＤＡ ＣＡＮＡＤＡ ＬＴＤ． | F4: HG2204-E | G4: STD | H4: 0F9379 | I4: BDA1317 | J4: 2026/08/28 | K4: 2026/09/09
A5: HG22402956 | B5: 10月 | C5: 003 | D5: HG2204.EXP | E5: ＡＭＡＤＡ ＡＭＥＲＩＣＡ ＩＮＣ． | F5: HG2204-E | G5: STD | H5: 0F9379 | I5: BDA1310 | J5: 2026/08/28 | K5: 2026/09/09
A6: HG22404195 | B6: 10月 | C6: 004 | D6: HG2204ATC | E6: （株）廣澤精機製作所 | F6: HG2204ATC-J | G6: STD | H6: 0F9375 | I6: 182636 | J6: 2026/09/02 | K6: 2026/09/19
A7: HG22402952 | B7: 10月 | C7: 005 | D7: HG2204.EXP | E7: 【ACL】Metal Contracting | F7: HG2204-E | G7: STD | H7: 0F9379 | I7: BDA1318 | J7: 2026/09/02 | K7: 2026/09/15
A8: HG22402955 | B8: 10月 | C8: 006 | D8: HG2204.EXP | E8: ＡＭＡＤＡ ＡＭＥＲＩＣＡ ＩＮＣ． | F8: HG2204-E | G8: STD | H8: 0F9379 | I8: BDA1312 | J8: 2026/09/04 | K8: 2026/09/17
A9: HG22448034 | B9: 10月 | C9: 007 | D9: HG2204ARM.EXP | E9: 【ブラジル】PERTO | F9: HG2204ARM-E | G9: STD | H9: 0A9529 | I9: BDH0537 | J9: 2026/09/08 | K9: 2026/09/29
A10: HG17302381 | B10: 10月 | C10: 008 | D10: HG1703.EXP | E10: 【ACL】Bercomac | F10: HG1703-E | G10: STD | H10: 0F9376 | I10: BDA1316 | J10: 2026/09/11 | K10: 2026/09/25
A11: HG22302245 | B11: 10月 | C11: 009 | D11: HG2203.EXP | E11: ＡＭＡＤＡ ＡＭＥＲＩＣＡ ＩＮＣ． | F11: HG2203-E | G11: STD | H11: 0F9378 | I11: BDA1311 | J11: 2026/09/12 | K11: 2026/09/26
A12: HG17402207 | B12: 10月 | C12: 010 | D12: HG1704 | E12: （株）平島 | F12: HG1704-J | G12: STD | H12: 0F9263 | I12: 182694 | J12: 2026/09/15 | K12: 2026/09/29
A13: HG22402957 | B13: 10月 | C13: 011 | D13: HG2204.EXP | E13: Bao Tien Industrial Company | F13: HG2204-E | G13: STD | H13: 0F9379 | I13: APH0355 | J13: 2026/09/15 | K13: 2026/09/29
A14: HG22402961 | B14: 10月 | C14: 012 | D14: HG2204 | E14: （株）アマダベンディングＳ部 | F14: HG2204-J | G14: STD | H14: 0F9374 | J14: 2026/09/25 | K14: 2026/10/07
A15: HG22402962 | B15: 10月 | C15: 013 | D15: HG2204.EXP | E15: 【CHINA】Delta | F15: HG2204-E | G15: STD | H15: 0F9379 | I15: CN0463 | J15: 2026/09/30 | K15: 2026/10/10
A16: HG22402963 | B16: 10月 | C16: 014 | D16: HG2204.EXP | E16: 【CHINA】Delta | F16: HG2204-E | G16: STD | H16: 0F9379 | I16: CN0462 | J16: 2026/09/30 | K16: 2026/10/10
A17: HG22302246 | B17: 10月 | C17: 015 | D17: HG2203 | E17: ＩＭＣ（株） | F17: HG2203-J | G17: STD | H17: 0F9373 | I17: 194816 | J17: 2026/10/02 | K17: 2026/10/14
A18: HG22302247 | B18: 10月 | C18: 016 | D18: HG2203 | E18: （株）シンコー | F18: HG2203-J | G18: STD | H18: 0F9373 | I18: 194817 | J18: 2026/10/02 | K18: 2026/10/14
A19: HG17302383 | B19: 10月 | C19: 017 | D19: HG1703 | E19: （株）日立アイイーシステム | F19: HG1703-J | G19: STD | H19: 0F9262 | I19: 194845 | J19: 2026/10/10 | K19: 2026/10/23
A20: HG22402969 | B20: 10月 | C20: 018 | D20: HG2204.EXP | E20: ＡＭＡＤＡ ＡＭＥＲＩＣＡ ＩＮＣ． | F20: HG2204-E | G20: STD | H20: 0F9379 | I20: BDA1330 | J20: 2026/10/10 | K20: 2026/10/23
A21: HG22402970 | B21: 10月 | C21: 019 | D21: HG2204.EXP | E21: ＡＭＡＤＡ ＡＭＥＲＩＣＡ ＩＮＣ． | F21: HG2204-E | G21: STD | H21: 0F9379 | I21: BDA1331 | J21: 2026/10/14 | K21: 2026/10/27
A22: HG22402971 | B22: 10月 | C22: 020 | D22: HG2204.EXP | E22: ＡＭＡＤＡ ＣＡＮＡＤＡ ＬＴＤ． | F22: HG2204-E | G22: STD | H22: 0F9379 | I22: BDA1335 | J22: 2026/10/14 | K22: 2026/10/27
A23: HG22448036 | B23: 11月 | C23: 001 | D23: HG2204ARM | E23: （株）徹工業 | F23: HG2204ARM-J | G23: STD | H23: 0A0837 | I23: ARm072 | J23: 2026/10/23 | K23: 2026/11/11
A24: HG22402958 | B24: 11月 | C24: 002 | D24: HG2204.EXP | E24: 【OCEANIA】TEMPERZONE | F24: HG2204-E | G24: STD | H24: 0F9379 | I24: OCE0067 | J24: 2026/10/23 | K24: 2026/11/05
A25: HG22402964 | B25: 11月 | C25: 003 | D25: HG2204.EXP | E25: 【CHINA】Delta | F25: HG2204-E | G25: STD | H25: 0F9379 | I25: CN0464 | J25: 2026/10/28 | K25: 2026/11/09
A26: HG22402965 | B26: 11月 | C26: 004 | D26: HG2204.EXP | E26: 【CHINA】Delta | F26: HG2204-E | G26: STD | H26: 0F9379 | I26: CN0465 | J26: 2026/10/28 | K26: 2026/11/09
... A50: HG22402982 | B50: 01月 | C50: 003 | D50: HG2204.EXP | E50: 【CHINA】北京埃鉑精密 | F50: HG2204-E | G50: STD | H50: 0F9379 | I50: CN0539 | J50: 2026/12/19 | K50: 2027/01/07
A51: HG17402208 | B51: 01月 | C51: 004 | D51: HG1704 | F51: HG1704-J | G51: STD | H51: 0F9263 | J51: 2026/12/23 | K51: 2027/01/09
A52: HG17302386 | B52: 01月 | C52: 005 | D52: HG1703.EXP | E52: 【ACL】Greidy Labs | F52: HG1703-E | G52: STD | H52: 0F9376 | I52: BDA1437 | J52: 2026/12/23 | K52: 2027/01/09
A53: HG22402983 | B53: 01月 | C53: 006 | D53: HG2204 | E53: マルマテクニカ（株） | F53: HG2204-J | G53: STD | H53: 0F9374 | I53: 206092 | J53: 2026/12/26 | K53: 2027/01/14
A54: HG22402986 | B54: 01月 | C54: 007 | D54: HG2204.EXP | E54: ＡＭＡＤＡ ＡＭＥＲＩＣＡ ＩＮＣ． | F54: HG2204-E | G54: STD | H54: 0F9379 | I54: BDA1418 | J54: 2026/12/26 | K54: 2027/01/14
A55: HG22402984 | B55: 01月 | C55: 008 | D55: HG2204 | E55: パナソニック ＨＶＡＣ ＆ ＣＣシステム | F55: HG2204-J | G55: STD | H55: 0F9374 | I55: 206091 | J55: 2027/01/06 | K55: 2027/01/16
A56: HG22402987 | B56: 01月 | C56: 009 | D56: HG2204.EXP | E56: ＡＭＡＤＡ ＡＭＥＲＩＣＡ ＩＮＣ． | F56: HG2204-E | G56: STD | H56: 0F9379 | I56: BDA1419 | J56: 2027/01/06 | K56: 2027/01/16
A57: HG22302250 | B57: 01月 | C57: 010 | D57: HG2203 | E57: 筑波工業（株） | F57: HG2203-J | G57: STD | H57: 0F9373 | I57: 194895 | J57: 2027/01/09 | K57: 2027/01/21
A58: HG22404210 | B58: 01月 | C58: 011 | D58: HG2204ATC | E58: （株）大明 | F58: HG2204ATC-J | G58: STD | H58: 0F9375 | I58: 2060400 | J58: 2027/01/09 | K58: 2027/01/27
A59: HG22402981 | B59: 01月 | C59: 012 | D59: HG2204.EXP | E59: 台湾 | F59: HG2204-E | G59: STD | H59: 0F9379 | J59: 2027/01/14 | K59: 2027/01/26
A60: HG22404206 | B60: 02月 | C60: 001 | D60: HG2204ATC.EXP | E60: ＡＭＡＤＡ ＡＭＥＲＩＣＡ ＩＮＣ． | F60: HG2204ATC-E | G60: STD | H60: 0F9380 | I60: BDA1422 | J60: 2027/01/15 | K60: 2027/02/02
A61: HG22404207 | B61: 02月 | C61: 002 | D61: HG2204ATC.EXP | E61: ＡＭＡＤＡ ＡＭＥＲＩＣＡ ＩＮＣ． | F61: HG2204ATC-E | G61: STD | H61: 0F9380 | I61: BDA1423 | J61: 2027/01/19 | K61: 2027/02/04
A62: HG22404205 | B62: 02月 | C62: 003 | D62: HG2204ATC.EXP | E62: ＡＭＡＤＡ ＡＭＥＲＩＣＡ ＩＮＣ． | F62: HG2204ATC-E | G62: STD | H62: 0F9380 | I62: BDA1421 | J62: 2027/01/22 | K62: 2027/02/09
A63: HG17302382 | B63: 02月 | C63: 004 | D63: HG1703 | E63: 東京キデン（株） | F63: HG1703-J | G63: STD | H63: 0F9262 | I63: 182689 | J63: 2027/01/23 | K63: 2027/02/04
A64: HG17302388 | B64: 02月 | C64: 005 | D64: HG1703 | E64: （株）中西製作所 | F64: HG1703-J | G64: STD | H64: 0F9262 | I64: 206077 | J64: 2027/01/27 | K64: 2027/02/06
A65: HG22402988 | B65: 02月 | C65: 006 | D65: HG2204.EXP | E65: ＡＭＡＤＡ ＡＭＥＲＩＣＡ ＩＮＣ． | F65: HG2204-E | G65: STD | H65: 0F9379 | I65: BDA1427 | J65: 2027/02/03 | K65: 2027/02/16
A66: HG22402989 | B66: 02月 | C66: 007 | D66: HG2204.EXP | E66: ＡＭＡＤＡ ＡＭＥＲＩＣＡ ＩＮＣ． | F66: HG2204-E | G66: STD | H66: 0F9379 | I66: BDA1428 | J66: 2027/02/05 | K66: 2027/02/18
A67: HG17302389 | B67: 02月 | C67: 008 | D67: HG1703 | E67: （株）中西製作所 | F67: HG1703-J | G67: STD | H67: 0F9262 | I67: 206078 | J67: 2027/02/06 | K67: 2027/02/19
A68: HG17402209 | B68: 02月 | C68: 009 | D68: HG1704 | F68: HG1704-J | G68: STD | H68: 0F9263 | J68: 2027/02/10 | K68: 2027/02/24
A69: HG22302251 | B69: 02月 | C69: 010 | D69: HG2203 | F69: HG2203-J | G69: STD | H69: 0F9373 | J69: 2027/02/13 | K69: 2027/02/26
A70: HG17302390 | B70: 02月 | C70: 011 | D70: HG1703 | F70: HG1703-J | G70: STD | H70: 0F9262 | J70: 2027/02/13 | K70: 2027/02/26
A71: HG22302252 | B71: 02月 | C71: 012 | D71: HG2203 | F71: HG2203-J | G71: STD | H71: 0F9373 | J71: 2027/02/16 | K71: 2027/02/27
A72: HG17302391 | B72: 02月 | C72: 013 | D72: HG1703 | F72: HG1703-J | G72: STD | H72: 0F9262 | J72: 2027/02/16 | K72: 2027/02/27
A73: HG22404208 | B73: 03月 | C73: 001 | D73: HG2204ATC.EXP | E73: ＡＭＡＤＡ ＡＭＥＲＩＣＡ ＩＮＣ． | F73: HG2204ATC-E | G73: STD | H73: 0F9380 | I73: BDA1424 | J73: 2027/02/10 | K73: 2027/03/02
A74: HG22404209 | B74: 03月 | C74: 002 | D74: HG2204ATC.EXP | E74: ＡＭＡＤＡ ＡＭＥＲＩＣＡ ＩＮＣ． | F74: HG2204ATC-E | G74: STD | H74: 0F9380 | I74: BDA1425 | J74: 2027/02/16 | K74: 2027/03/05
A75: HG22302253 | B75: 03月 | C75: 003 | D75: HG2203 | F75: HG2203-J | G75: STD | H75: 0F9373 | J75: 2027/02/18 | K75: 2027/03/03
A76: HG22402998 | B76: 03月 | C76: 004 | D76: HG2204 | F76: HG2204-J | G76: STD | H76: 0F9374 | J76: 2027/02/20 | K76: 2027/03/05
A77: HG22402999 | B77: 03月 | C77: 005 | D77: HG2204 | F77: HG2204-J | G77: STD | H77: 0F9374 | J77: 2027/02/25 | K77: 2027/03/09
A78: HG22402990 | B78: 03月 | C78: 006 | D78: HG2204.EXP | E78: ＡＭＡＤＡ ＡＭＥＲＩＣＡ ＩＮＣ． | F78: HG2204-E | G78: STD | H78: 0F9379 | I78: BDA1429 | J78: 2027/02/27 | K78: 2027/03/11
A79: HG22402991 | B79: 03月 | C79: 007 | D79: HG2204.EXP | E79: ＡＭＡＤＡ ＡＭＥＲＩＣＡ ＩＮＣ． | F79: HG2204-E | G79: STD | H79: 0F9379 | I79: BDA1430 | J79: 2027/03/03 | K79: 2027/03/13
A80: HG22402992 | B80: 03月 | C80: 008 | D80: HG2204.EXP | E80: アマダアメリカ | F80: HG2204-E | G80: STD | H80: 0F9379 | J80: 2027/03/05 | K80: 2027/03/17
A81: HG22402993 | B81: 03月 | C81: 009 | D81: HG2204.EXP | E81: アマダアメリカ | F81: HG2204-E | G81: STD | H81: 0F9379 | J81: 2027/03/09 | K81: 2027/03/19
A82: HG22402994 | B82: 03月 | C82: 010 | D82: HG2204.EXP | E82: アマダアメリカ | F82: HG2204-E | G82: STD | H82: 0F9379 | J82: 2027/03/11 | K82: 2027/03/23
A83: HG22402995 | B83: 03月 | C83: 011 | D83: HG2204.EXP | E83: アマダアメリカ | F83: HG2204-E | G83: STD | H83: 0F9379 | J83: 2027/03/13 | K83: 2027/03/25
A84: HG22302254 | B84: 03月 | C84: 012 | D84: HG2203 | F84: HG2203-J | G84: STD | H84: 0F9373 | J84: 2027/03/17 | K84: 2027/03/27
A85: HG22302255 | B85: 03月 | C85: 013 | D85: HG2203.EXP | E85: オーバーシーズ | F85: HG2203-E | G85: STD | H85: 0F9378 | J85: 2027/03/19 | K85: 2027/03/31

Sheet ﾍﾞﾝﾀﾞｰ中型対照表
A1: NO | B1: 生産月 | C1: 機種名 | D1: 客先名 | E1: シリアルNo | F1: 機種品番 | G1: 着手日(変更前) | I1: 着手日(変更後)
A2: 1 | B2: =IFERROR(VLOOKUP(E2,'(新)ﾍﾞﾝﾀﾞｰ中型'!$A$3:$K$187,2,0),"") -> 10月 | C2: =IFERROR(VLOOKUP(E2,'(新)ﾍﾞﾝﾀﾞｰ中型'!$A$3:$K$187,4,0),"") -> HG2204ATC | D2: =IFERROR(VLOOKUP(E2,'(新)ﾍﾞﾝﾀﾞｰ中型'!$A$3:$K$187,5,0),"") -> 安田技研（株） | E2: ='(新)ﾍﾞﾝﾀﾞｰ中型'!A3 -> HG22404200 | F2: =IFERROR(VLOOKUP(E2,'(新)ﾍﾞﾝﾀﾞｰ中型'!$A$3:$K$187,8,0),"") -> 0F9375 | G2: =IFERROR(VLOOKUP(E2,'(旧)ﾍﾞﾝﾀﾞｰ中型'!$A$3:$K$200,10,0),"") -> 2026/08/25 | H2: ⇒ | I2: =IFERROR(VLOOKUP(E2,'(新)ﾍﾞﾝﾀﾞｰ中型'!$A$3:$K$187,10,0),"") -> 2026/08/25
A3: 2 | B3: =IFERROR(VLOOKUP(E3,'(新)ﾍﾞﾝﾀﾞｰ中型'!$A$3:$K$187,2,0),"") -> 10月 | C3: =IFERROR(VLOOKUP(E3,'(新)ﾍﾞﾝﾀﾞｰ中型'!$A$3:$K$187,4,0),"") -> HG2204.EXP | D3: =IFERROR(VLOOKUP(E3,'(新)ﾍﾞﾝﾀﾞｰ中型'!$A$3:$K$187,5,0),"") -> ＡＭＡＤＡ ＣＡＮＡＤＡ ＬＴＤ． | E3: ='(新)ﾍﾞﾝﾀﾞｰ中型'!A4 -> HG22402954 | F3: =IFERROR(VLOOKUP(E3,'(新)ﾍﾞﾝﾀﾞｰ中型'!$A$3:$K$187,8,0),"") -> 0F9379 | G3: =IFERROR(VLOOKUP(E3,'(旧)ﾍﾞﾝﾀﾞｰ中型'!$A$3:$K$200,10,0),"") -> 2026/08/28 | H3: ⇒ | I3: =IFERROR(VLOOKUP(E3,'(新)ﾍﾞﾝﾀﾞｰ中型'!$A$3:$K$187,10,0),"") -> 2026/08/28
A4: 3 | B4: =IFERROR(VLOOKUP(E4,'(新)ﾍﾞﾝﾀﾞｰ中型'!$A$3:$K$187,2,0),"") -> 10月 | C4: =IFERROR(VLOOKUP(E4,'(新)ﾍﾞﾝﾀﾞｰ中型'!$A$3:$K$187,4,0),"") -> HG2204.EXP | D4: =IFERROR(VLOOKUP(E4,'(新)ﾍﾞﾝﾀﾞｰ中型'!$A$3:$K$187,5,0),"") -> ＡＭＡＤＡ ＡＭＥＲＩＣＡ ＩＮＣ． | E4: ='(新)ﾍﾞﾝﾀﾞｰ中型'!A5 -> HG22402956 | F4: =IFERROR(VLOOKUP(E4,'(新)ﾍﾞﾝﾀﾞｰ中型'!$A$3:$K$187,8,0),"") -> 0F9379 | G4: =IFERROR(VLOOKUP(E4,'(旧)ﾍﾞﾝﾀﾞｰ中型'!$A$3:$K$200,10,0),"") -> 2026/08/28 | H4: ⇒ | I4: =IFERROR(VLOOKUP(E4,'(新)ﾍﾞﾝﾀﾞｰ中型'!$A$3:$K$187,10,0),"") -> 2026/08/28
A5: 4 | B5: =IFERROR(VLOOKUP(E5,'(新)ﾍﾞﾝﾀﾞｰ中型'!$A$3:$K$187,2,0),"") -> 10月 | C5: =IFERROR(VLOOKUP(E5,'(新)ﾍﾞﾝﾀﾞｰ中型'!$A$3:$K$187,4,0),"") -> HG2204ATC | D5: =IFERROR(VLOOKUP(E5,'(新)ﾍﾞﾝﾀﾞｰ中型'!$A$3:$K$187,5,0),"") -> （株）廣澤精機製作所 | E5: ='(新)ﾍﾞﾝﾀﾞｰ中型'!A6 -> HG22404195 | F5: =IFERROR(VLOOKUP(E5,'(新)ﾍﾞﾝﾀﾞｰ中型'!$A$3:$K$187,8,0),"") -> 0F9375 | G5: =IFERROR(VLOOKUP(E5,'(旧)ﾍﾞﾝﾀﾞｰ中型'!$A$3:$K$200,10,0),"") -> 2026/09/02 | H5: ⇒ | I5: =IFERROR(VLOOKUP(E5,'(新)ﾍﾞﾝﾀﾞｰ中型'!$A$3:$K$187,10,0),"") -> 2026/09/02
A6: 5 | B6: =IFERROR(VLOOKUP(E6,'(新)ﾍﾞﾝﾀﾞｰ中型'!$A$3:$K$187,2,0),"") -> 10月 | C6: =IFERROR(VLOOKUP(E6,'(新)ﾍﾞﾝﾀﾞｰ中型'!$A$3:$K$187,4,0),"") -> HG2204.EXP | D6: =IFERROR(VLOOKUP(E6,'(新)ﾍﾞﾝﾀﾞｰ中型'!$A$3:$K$187,5,0),"") -> 【ACL】Metal Contracting | E6: ='(新)ﾍﾞﾝﾀﾞｰ中型'!A7 -> HG22402952 | F6: =IFERROR(VLOOKUP(E6,'(新)ﾍﾞﾝﾀﾞｰ中型'!$A$3:$K$187,8,0),"") -> 0F9379 | G6: =IFERROR(VLOOKUP(E6,'(旧)ﾍﾞﾝﾀﾞｰ中型'!$A$3:$K$200,10,0),"") -> 2026/09/02 | H6: ⇒ | I6: =IFERROR(VLOOKUP(E6,'(新)ﾍﾞﾝﾀﾞｰ中型'!$A$3:$K$187,10,0),"") -> 2026/09/02
A7: 6 | B7: =IFERROR(VLOOKUP(E7,'(新)ﾍﾞﾝﾀﾞｰ中型'!$A$3:$K$187,2,0),"") -> 10月 | C7: =IFERROR(VLOOKUP(E7,'(新)ﾍﾞﾝﾀﾞｰ中型'!$A$3:$K$187,4,0),"") -> HG2204.EXP | D7: =IFERROR(VLOOKUP(E7,'(新)ﾍﾞﾝﾀﾞｰ中型'!$A$3:$K$187,5,0),"") -> ＡＭＡＤＡ ＡＭＥＲＩＣＡ ＩＮＣ． | E7: ='(新)ﾍﾞﾝﾀﾞｰ中型'!A8 -> HG22402955 | F7: =IFERROR(VLOOKUP(E7,'(新)ﾍﾞﾝﾀﾞｰ中型'!$A$3:$K$187,8,0),"") -> 0F9379 | G7: =IFERROR(VLOOKUP(E7,'(旧)ﾍﾞﾝﾀﾞｰ中型'!$A$3:$K$200,10,0),"") -> 2026/09/04 | H7: ⇒ | I7: =IFERROR(VLOOKUP(E7,'(新)ﾍﾞﾝﾀﾞｰ中型'!$A$3:$K$187,10,0),"") -> 2026/09/04
A8: 7 | B8: =IFERROR(VLOOKUP(E8,'(新)ﾍﾞﾝﾀﾞｰ中型'!$A$3:$K$187,2,0),"") -> 10月 | C8: =IFERROR(VLOOKUP(E8,'(新)ﾍﾞﾝﾀﾞｰ中型'!$A$3:$K$187,4,0),"") -> HG2204ARM.EXP | D8: =IFERROR(VLOOKUP(E8,'(新)ﾍﾞﾝﾀﾞｰ中型'!$A$3:$K$187,5,0),"") -> 【ブラジル】PERTO | E8: ='(新)ﾍﾞﾝﾀﾞｰ中型'!A9 -> HG22448034 | F8: =IFERROR(VLOOKUP(E8,'(新)ﾍﾞﾝﾀﾞｰ中型'!$A$3:$K$187,8,0),"") -> 0A9529 | G8: =IFERROR(VLOOKUP(E8,'(旧)ﾍﾞﾝﾀﾞｰ中型'!$A$3:$K$200,10,0),"") -> 2026/09/08 | H8: ⇒ | I8: =IFERROR(VLOOKUP(E8,'(新)ﾍﾞﾝﾀﾞｰ中型'!$A$3:$K$187,10,0),"") -> 2026/09/08
A9: 8 | B9: =IFERROR(VLOOKUP(E9,'(新)ﾍﾞﾝﾀﾞｰ中型'!$A$3:$K$187,2,0),"") -> 10月 | C9: =IFERROR(VLOOKUP(E9,'(新)ﾍﾞﾝﾀﾞｰ中型'!$A$3:$K$187,4,0),"") -> HG1703.EXP | D9: =IFERROR(VLOOKUP(E9,'(新)ﾍﾞﾝﾀﾞｰ中型'!$A$3:$K$187,5,0),"") -> 【ACL】Bercomac | E9: ='(新)ﾍﾞﾝﾀﾞｰ中型'!A10 -> HG17302381 | F9: =IFERROR(VLOOKUP(E9,'(新)ﾍﾞﾝﾀﾞｰ中型'!$A$3:$K$187,8,0),"") -> 0F9376 | G9: =IFERROR(VLOOKUP(E9,'(旧)ﾍﾞﾝﾀﾞｰ中型'!$A$3:$K$200,10,0),"") -> 2026/09/11 | H9: ⇒ | I9: =IFERROR(VLOOKUP(E9,'(新)ﾍﾞﾝﾀﾞｰ中型'!$A$3:$K$187,10,0),"") -> 2026/09/11
A10: 9 | B10: =IFERROR(VLOOKUP(E10,'(新)ﾍﾞﾝﾀﾞｰ中型'!$A$3:$K$187,2,0),"") -> 10月 | C10: =IFERROR(VLOOKUP(E10,'(新)ﾍﾞﾝﾀﾞｰ中型'!$A$3:$K$187,4,0),"") -> HG2203.EXP | D10: =IFERROR(VLOOKUP(E10,'(新)ﾍﾞﾝﾀﾞｰ中型'!$A$3:$K$187,5,0),"") -> ＡＭＡＤＡ ＡＭＥＲＩＣＡ ＩＮＣ． | E10: ='(新)ﾍﾞﾝﾀﾞｰ中型'!A11 -> HG22302245 | F10: =IFERROR(VLOOKUP(E10,'(新)ﾍﾞﾝﾀﾞｰ中型'!$A$3:$K$187,8,0),"") -> 0F9378 | G10: =IFERROR(VLOOKUP(E10,'(旧)ﾍﾞﾝﾀﾞｰ中型'!$A$3:$K$200,10,0),"") -> 2026/09/12 | H10: ⇒ | I10: =IFERROR(VLOOKUP(E10,'(新)ﾍﾞﾝﾀﾞｰ中型'!$A$3:$K$187,10,0),"") -> 2026/09/12
A11: 10 | B11: =IFERROR(VLOOKUP(E11,'(新)ﾍﾞﾝﾀﾞｰ中型'!$A$3:$K$187,2,0),"") -> 10月 | C11: =IFERROR(VLOOKUP(E11,'(新)ﾍﾞﾝﾀﾞｰ中型'!$A$3:$K$187,4,0),"") -> HG1704 | D11: =IFERROR(VLOOKUP(E11,'(新)ﾍﾞﾝﾀﾞｰ中型'!$A$3:$K$187,5,0),"") -> （株）平島 | E11: ='(新)ﾍﾞﾝﾀﾞｰ中型'!A12 -> HG17402207 | F11: =IFERROR(VLOOKUP(E11,'(新)ﾍﾞﾝﾀﾞｰ中型'!$A$3:$K$187,8,0),"") -> 0F9263 | G11: =IFERROR(VLOOKUP(E11,'(旧)ﾍﾞﾝﾀﾞｰ中型'!$A$3:$K$200,10,0),"") -> 2026/09/15 | H11: ⇒ | I11: =IFERROR(VLOOKUP(E11,'(新)ﾍﾞﾝﾀﾞｰ中型'!$A$3:$K$187,10,0),"") -> 2026/09/15
A12: 11 | B12: =IFERROR(VLOOKUP(E12,'(新)ﾍﾞﾝﾀﾞｰ中型'!$A$3:$K$187,2,0),"") -> 10月 | C12: =IFERROR(VLOOKUP(E12,'(新)ﾍﾞﾝﾀﾞｰ中型'!$A$3:$K$187,4,0),"") -> HG2204.EXP | D12: =IFERROR(VLOOKUP(E12,'(新)ﾍﾞﾝﾀﾞｰ中型'!$A$3:$K$187,5,0),"") -> Bao Tien Industrial Company | E12: ='(新)ﾍﾞﾝﾀﾞｰ中型'!A13 -> HG22402957 | F12: =IFERROR(VLOOKUP(E12,'(新)ﾍﾞﾝﾀﾞｰ中型'!$A$3:$K$187,8,0),"") -> 0F9379 | G12: =IFERROR(VLOOKUP(E12,'(旧)ﾍﾞﾝﾀﾞｰ中型'!$A$3:$K$200,10,0),"") -> 2026/09/15 | H12: ⇒ | I12: =IFERROR(VLOOKUP(E12,'(新)ﾍﾞﾝﾀﾞｰ中型'!$A$3:$K$187,10,0),"") -> 2026/09/15
A13: 12 | B13: =IFERROR(VLOOKUP(E13,'(新)ﾍﾞﾝﾀﾞｰ中型'!$A$3:$K$187,2,0),"") -> 10月 | C13: =IFERROR(VLOOKUP(E13,'(新)ﾍﾞﾝﾀﾞｰ中型'!$A$3:$K$187,4,0),"") -> HG2204 | D13: =IFERROR(VLOOKUP(E13,'(新)ﾍﾞﾝﾀﾞｰ中型'!$A$3:$K$187,5,0),"") -> （株）アマダベンディングＳ部 | E13: ='(新)ﾍﾞﾝﾀﾞｰ中型'!A14 -> HG22402961 | F13: =IFERROR(VLOOKUP(E13,'(新)ﾍﾞﾝﾀﾞｰ中型'!$A$3:$K$187,8,0),"") -> 0F9374 | G13: =IFERROR(VLOOKUP(E13,'(旧)ﾍﾞﾝﾀﾞｰ中型'!$A$3:$K$200,10,0),"") -> 2026/09/25 | H13: ⇒ | I13: =IFERROR(VLOOKUP(E13,'(新)ﾍﾞﾝﾀﾞｰ中型'!$A$3:$K$187,10,0),"") -> 2026/09/25
... A130: 129 | B130: =IFERROR(VLOOKUP(E130,'(新)ﾍﾞﾝﾀﾞｰ中型'!$A$3:$K$187,2,0),"") | C130: =IFERROR(VLOOKUP(E130,'(新)ﾍﾞﾝﾀﾞｰ中型'!$A$3:$K$187,4,0),"") | D130: =IFERROR(VLOOKUP(E130,'(新)ﾍﾞﾝﾀﾞｰ中型'!$A$3:$K$187,5,0),"") | E130: ='(新)ﾍﾞﾝﾀﾞｰ中型'!A131 -> 0 | F130: =IFERROR(VLOOKUP(E130,'(新)ﾍﾞﾝﾀﾞｰ中型'!$A$3:$K$187,8,0),"") | G130: =IFERROR(VLOOKUP(E130,'(旧)ﾍﾞﾝﾀﾞｰ中型'!$A$3:$K$200,10,0),"") | H130: ⇒ | I130: =IFERROR(VLOOKUP(E130,'(新)ﾍﾞﾝﾀﾞｰ中型'!$A$3:$K$187,10,0),"")
A131: 130 | B131: =IFERROR(VLOOKUP(E131,'(新)ﾍﾞﾝﾀﾞｰ中型'!$A$3:$K$187,2,0),"") | C131: =IFERROR(VLOOKUP(E131,'(新)ﾍﾞﾝﾀﾞｰ中型'!$A$3:$K$187,4,0),"") | D131: =IFERROR(VLOOKUP(E131,'(新)ﾍﾞﾝﾀﾞｰ中型'!$A$3:$K$187,5,0),"") | E131: ='(新)ﾍﾞﾝﾀﾞｰ中型'!A119 -> 0 | F131: =IFERROR(VLOOKUP(E131,'(新)ﾍﾞﾝﾀﾞｰ中型'!$A$3:$K$187,8,0),"") | G131: =IFERROR(VLOOKUP(E131,'(旧)ﾍﾞﾝﾀﾞｰ中型'!$A$3:$K$200,10,0),"") | H131: ⇒ | I131: =IFERROR(VLOOKUP(E131,'(新)ﾍﾞﾝﾀﾞｰ中型'!$A$3:$K$187,10,0),"")
A132: 131 | B132: =IFERROR(VLOOKUP(E132,'(新)ﾍﾞﾝﾀﾞｰ中型'!$A$3:$K$187,2,0),"") | C132: =IFERROR(VLOOKUP(E132,'(新)ﾍﾞﾝﾀﾞｰ中型'!$A$3:$K$187,4,0),"") | D132: =IFERROR(VLOOKUP(E132,'(新)ﾍﾞﾝﾀﾞｰ中型'!$A$3:$K$187,5,0),"") | E132: ='(新)ﾍﾞﾝﾀﾞｰ中型'!A120 -> 0 | F132: =IFERROR(VLOOKUP(E132,'(新)ﾍﾞﾝﾀﾞｰ中型'!$A$3:$K$187,8,0),"") | G132: =IFERROR(VLOOKUP(E132,'(旧)ﾍﾞﾝﾀﾞｰ中型'!$A$3:$K$200,10,0),"") | H132: ⇒ | I132: =IFERROR(VLOOKUP(E132,'(新)ﾍﾞﾝﾀﾞｰ中型'!$A$3:$K$187,10,0),"")
A133: 132 | B133: =IFERROR(VLOOKUP(E133,'(新)ﾍﾞﾝﾀﾞｰ中型'!$A$3:$K$187,2,0),"") | C133: =IFERROR(VLOOKUP(E133,'(新)ﾍﾞﾝﾀﾞｰ中型'!$A$3:$K$187,4,0),"") | D133: =IFERROR(VLOOKUP(E133,'(新)ﾍﾞﾝﾀﾞｰ中型'!$A$3:$K$187,5,0),"") | E133: ='(新)ﾍﾞﾝﾀﾞｰ中型'!A121 -> 0 | F133: =IFERROR(VLOOKUP(E133,'(新)ﾍﾞﾝﾀﾞｰ中型'!$A$3:$K$187,8,0),"") | G133: =IFERROR(VLOOKUP(E133,'(旧)ﾍﾞﾝﾀﾞｰ中型'!$A$3:$K$200,10,0),"") | H133: ⇒ | I133: =IFERROR(VLOOKUP(E133,'(新)ﾍﾞﾝﾀﾞｰ中型'!$A$3:$K$187,10,0),"")
A134: 133 | B134: =IFERROR(VLOOKUP(E134,'(新)ﾍﾞﾝﾀﾞｰ中型'!$A$3:$K$187,2,0),"") | C134: =IFERROR(VLOOKUP(E134,'(新)ﾍﾞﾝﾀﾞｰ中型'!$A$3:$K$187,4,0),"") | D134: =IFERROR(VLOOKUP(E134,'(新)ﾍﾞﾝﾀﾞｰ中型'!$A$3:$K$187,5,0),"") | E134: ='(新)ﾍﾞﾝﾀﾞｰ中型'!A122 -> 0 | F134: =IFERROR(VLOOKUP(E134,'(新)ﾍﾞﾝﾀﾞｰ中型'!$A$3:$K$187,8,0),"") | G134: =IFERROR(VLOOKUP(E134,'(旧)ﾍﾞﾝﾀﾞｰ中型'!$A$3:$K$200,10,0),"") | H134: ⇒ | I134: =IFERROR(VLOOKUP(E134,'(新)ﾍﾞﾝﾀﾞｰ中型'!$A$3:$K$187,10,0),"")
A135: 134 | B135: =IFERROR(VLOOKUP(E135,'(新)ﾍﾞﾝﾀﾞｰ中型'!$A$3:$K$187,2,0),"") | C135: =IFERROR(VLOOKUP(E135,'(新)ﾍﾞﾝﾀﾞｰ中型'!$A$3:$K$187,4,0),"") | D135: =IFERROR(VLOOKUP(E135,'(新)ﾍﾞﾝﾀﾞｰ中型'!$A$3:$K$187,5,0),"") | E135: ='(新)ﾍﾞﾝﾀﾞｰ中型'!A123 -> 0 | F135: =IFERROR(VLOOKUP(E135,'(新)ﾍﾞﾝﾀﾞｰ中型'!$A$3:$K$187,8,0),"") | G135: =IFERROR(VLOOKUP(E135,'(旧)ﾍﾞﾝﾀﾞｰ中型'!$A$3:$K$200,10,0),"") | H135: ⇒ | I135: =IFERROR(VLOOKUP(E135,'(新)ﾍﾞﾝﾀﾞｰ中型'!$A$3:$K$187,10,0),"")
A136: 135 | B136: =IFERROR(VLOOKUP(E136,'(新)ﾍﾞﾝﾀﾞｰ中型'!$A$3:$K$187,2,0),"") | C136: =IFERROR(VLOOKUP(E136,'(新)ﾍﾞﾝﾀﾞｰ中型'!$A$3:$K$187,4,0),"") | D136: =IFERROR(VLOOKUP(E136,'(新)ﾍﾞﾝﾀﾞｰ中型'!$A$3:$K$187,5,0),"") | E136: ='(新)ﾍﾞﾝﾀﾞｰ中型'!A124 -> 0 | F136: =IFERROR(VLOOKUP(E136,'(新)ﾍﾞﾝﾀﾞｰ中型'!$A$3:$K$187,8,0),"") | G136: =IFERROR(VLOOKUP(E136,'(旧)ﾍﾞﾝﾀﾞｰ中型'!$A$3:$K$200,10,0),"") | H136: ⇒ | I136: =IFERROR(VLOOKUP(E136,'(新)ﾍﾞﾝﾀﾞｰ中型'!$A$3:$K$187,10,0),"")
A137: 136 | B137: =IFERROR(VLOOKUP(E137,'(新)ﾍﾞﾝﾀﾞｰ中型'!$A$3:$K$187,2,0),"") | C137: =IFERROR(VLOOKUP(E137,'(新)ﾍﾞﾝﾀﾞｰ中型'!$A$3:$K$187,4,0),"") | D137: =IFERROR(VLOOKUP(E137,'(新)ﾍﾞﾝﾀﾞｰ中型'!$A$3:$K$187,5,0),"") | E137: ='(新)ﾍﾞﾝﾀﾞｰ中型'!A125 -> 0 | F137: =IFERROR(VLOOKUP(E137,'(新)ﾍﾞﾝﾀﾞｰ中型'!$A$3:$K$187,8,0),"") | G137: =IFERROR(VLOOKUP(E137,'(旧)ﾍﾞﾝﾀﾞｰ中型'!$A$3:$K$200,10,0),"") | H137: ⇒ | I137: =IFERROR(VLOOKUP(E137,'(新)ﾍﾞﾝﾀﾞｰ中型'!$A$3:$K$187,10,0),"")
A138: 137 | B138: =IFERROR(VLOOKUP(E138,'(新)ﾍﾞﾝﾀﾞｰ中型'!$A$3:$K$187,2,0),"") | C138: =IFERROR(VLOOKUP(E138,'(新)ﾍﾞﾝﾀﾞｰ中型'!$A$3:$K$187,4,0),"") | D138: =IFERROR(VLOOKUP(E138,'(新)ﾍﾞﾝﾀﾞｰ中型'!$A$3:$K$187,5,0),"") | E138: ='(新)ﾍﾞﾝﾀﾞｰ中型'!A126 -> 0 | F138: =IFERROR(VLOOKUP(E138,'(新)ﾍﾞﾝﾀﾞｰ中型'!$A$3:$K$187,8,0),"") | G138: =IFERROR(VLOOKUP(E138,'(旧)ﾍﾞﾝﾀﾞｰ中型'!$A$3:$K$200,10,0),"") | H138: ⇒ | I138: =IFERROR(VLOOKUP(E138,'(新)ﾍﾞﾝﾀﾞｰ中型'!$A$3:$K$187,10,0),"")
A139: 138 | B139: =IFERROR(VLOOKUP(E139,'(新)ﾍﾞﾝﾀﾞｰ中型'!$A$3:$K$187,2,0),"") | C139: =IFERROR(VLOOKUP(E139,'(新)ﾍﾞﾝﾀﾞｰ中型'!$A$3:$K$187,4,0),"") | D139: =IFERROR(VLOOKUP(E139,'(新)ﾍﾞﾝﾀﾞｰ中型'!$A$3:$K$187,5,0),"") | E139: ='(新)ﾍﾞﾝﾀﾞｰ中型'!A127 -> 0 | F139: =IFERROR(VLOOKUP(E139,'(新)ﾍﾞﾝﾀﾞｰ中型'!$A$3:$K$187,8,0),"") | G139: =IFERROR(VLOOKUP(E139,'(旧)ﾍﾞﾝﾀﾞｰ中型'!$A$3:$K$200,10,0),"") | H139: ⇒ | I139: =IFERROR(VLOOKUP(E139,'(新)ﾍﾞﾝﾀﾞｰ中型'!$A$3:$K$187,10,0),"")
A140: 139 | B140: =IFERROR(VLOOKUP(E140,'(新)ﾍﾞﾝﾀﾞｰ中型'!$A$3:$K$187,2,0),"") | C140: =IFERROR(VLOOKUP(E140,'(新)ﾍﾞﾝﾀﾞｰ中型'!$A$3:$K$187,4,0),"") | D140: =IFERROR(VLOOKUP(E140,'(新)ﾍﾞﾝﾀﾞｰ中型'!$A$3:$K$187,5,0),"") | E140: ='(新)ﾍﾞﾝﾀﾞｰ中型'!A128 -> 0 | F140: =IFERROR(VLOOKUP(E140,'(新)ﾍﾞﾝﾀﾞｰ中型'!$A$3:$K$187,8,0),"") | G140: =IFERROR(VLOOKUP(E140,'(旧)ﾍﾞﾝﾀﾞｰ中型'!$A$3:$K$200,10,0),"") | H140: ⇒ | I140: =IFERROR(VLOOKUP(E140,'(新)ﾍﾞﾝﾀﾞｰ中型'!$A$3:$K$187,10,0),"")
A141: 140 | B141: =IFERROR(VLOOKUP(E141,'(新)ﾍﾞﾝﾀﾞｰ中型'!$A$3:$K$187,2,0),"") | C141: =IFERROR(VLOOKUP(E141,'(新)ﾍﾞﾝﾀﾞｰ中型'!$A$3:$K$187,4,0),"") | D141: =IFERROR(VLOOKUP(E141,'(新)ﾍﾞﾝﾀﾞｰ中型'!$A$3:$K$187,5,0),"") | E141: ='(新)ﾍﾞﾝﾀﾞｰ中型'!A129 -> 0 | F141: =IFERROR(VLOOKUP(E141,'(新)ﾍﾞﾝﾀﾞｰ中型'!$A$3:$K$187,8,0),"") | G141: =IFERROR(VLOOKUP(E141,'(旧)ﾍﾞﾝﾀﾞｰ中型'!$A$3:$K$200,10,0),"") | H141: ⇒ | I141: =IFERROR(VLOOKUP(E141,'(新)ﾍﾞﾝﾀﾞｰ中型'!$A$3:$K$187,10,0),"")
A142: 141 | B142: =IFERROR(VLOOKUP(E142,'(新)ﾍﾞﾝﾀﾞｰ中型'!$A$3:$K$187,2,0),"") | C142: =IFERROR(VLOOKUP(E142,'(新)ﾍﾞﾝﾀﾞｰ中型'!$A$3:$K$187,4,0),"") | D142: =IFERROR(VLOOKUP(E142,'(新)ﾍﾞﾝﾀﾞｰ中型'!$A$3:$K$187,5,0),"") | E142: ='(新)ﾍﾞﾝﾀﾞｰ中型'!A130 -> 0 | F142: =IFERROR(VLOOKUP(E142,'(新)ﾍﾞﾝﾀﾞｰ中型'!$A$3:$K$187,8,0),"") | G142: =IFERROR(VLOOKUP(E142,'(旧)ﾍﾞﾝﾀﾞｰ中型'!$A$3:$K$200,10,0),"") | H142: ⇒ | I142: =IFERROR(VLOOKUP(E142,'(新)ﾍﾞﾝﾀﾞｰ中型'!$A$3:$K$187,10,0),"")
... A200: 199 | B200: =IFERROR(VLOOKUP(E200,'(新)ﾍﾞﾝﾀﾞｰ中型'!$A$3:$K$187,2,0),"") | C200: =IFERROR(VLOOKUP(E200,'(新)ﾍﾞﾝﾀﾞｰ中型'!$A$3:$K$187,4,0),"") | D200: =IFERROR(VLOOKUP(E200,'(新)ﾍﾞﾝﾀﾞｰ中型'!$A$3:$K$187,5,0),"") | E200: ='(新)ﾍﾞﾝﾀﾞｰ中型'!A188 -> 0 | F200: =IFERROR(VLOOKUP(E200,'(新)ﾍﾞﾝﾀﾞｰ中型'!$A$3:$K$187,8,0),"") | G200: =IFERROR(VLOOKUP(E200,'(旧)ﾍﾞﾝﾀﾞｰ中型'!$A$3:$K$200,10,0),"") | H200: ⇒ | I200: =IFERROR(VLOOKUP(E200,'(新)ﾍﾞﾝﾀﾞｰ中型'!$A$3:$K$187,10,0),"")
A201: 200 | C201: =IFERROR(VLOOKUP(E201,'(新)ﾍﾞﾝﾀﾞｰ中型'!$A$3:$K$81,4,0),"") | D201: =IFERROR(VLOOKUP(E201,'(新)ﾍﾞﾝﾀﾞｰ中型'!$A$3:$K$87,5,0),"") | E201: ='(新)ﾍﾞﾝﾀﾞｰ中型'!A189 -> 0 | F201: =IFERROR(VLOOKUP(E201,'(新)ﾍﾞﾝﾀﾞｰ中型'!$A$3:$K$81,8,0),"") | G201: =IFERROR(VLOOKUP(E201,'(旧)ﾍﾞﾝﾀﾞｰ中型'!$A$3:$K$237,10,0),"") | H201: ⇒ | I201: =IFERROR(VLOOKUP(E201,'(新)ﾍﾞﾝﾀﾞｰ中型'!$A$3:$K$81,10,0),"")
C202: =IFERROR(VLOOKUP(E202,'(新)ﾍﾞﾝﾀﾞｰ中型'!$A$3:$K$81,4,0),"") | D202: =IFERROR(VLOOKUP(E202,'(新)ﾍﾞﾝﾀﾞｰ中型'!$A$3:$K$87,5,0),"") | E202: ='(新)ﾍﾞﾝﾀﾞｰ中型'!A190 -> 0 | F202: =IFERROR(VLOOKUP(E202,'(新)ﾍﾞﾝﾀﾞｰ中型'!$A$3:$K$81,8,0),"") | G202: =IFERROR(VLOOKUP(E202,'(旧)ﾍﾞﾝﾀﾞｰ中型'!$A$3:$K$237,10,0),"") | H202: ⇒ | I202: =IFERROR(VLOOKUP(E202,'(新)ﾍﾞﾝﾀﾞｰ中型'!$A$3:$K$81,10,0),"")
C203: =IFERROR(VLOOKUP(E203,'(新)ﾍﾞﾝﾀﾞｰ中型'!$A$3:$K$81,4,0),"") | D203: =IFERROR(VLOOKUP(E203,'(新)ﾍﾞﾝﾀﾞｰ中型'!$A$3:$K$87,5,0),"") | F203: =IFERROR(VLOOKUP(E203,'(新)ﾍﾞﾝﾀﾞｰ中型'!$A$3:$K$81,8,0),"") | G203: =IFERROR(VLOOKUP(E203,'(旧)ﾍﾞﾝﾀﾞｰ中型'!$A$3:$K$237,10,0),"") | H203: ⇒ | I203: =IFERROR(VLOOKUP(E203,'(新)ﾍﾞﾝﾀﾞｰ中型'!$A$3:$K$81,10,0),"")
C204: =IFERROR(VLOOKUP(E204,'(新)ﾍﾞﾝﾀﾞｰ中型'!$A$3:$K$81,4,0),"") | D204: =IFERROR(VLOOKUP(E204,'(新)ﾍﾞﾝﾀﾞｰ中型'!$A$3:$K$87,5,0),"") | F204: =IFERROR(VLOOKUP(E204,'(新)ﾍﾞﾝﾀﾞｰ中型'!$A$3:$K$81,8,0),"") | G204: =IFERROR(VLOOKUP(E204,'(旧)ﾍﾞﾝﾀﾞｰ中型'!$A$3:$K$237,10,0),"") | H204: ⇒ | I204: =IFERROR(VLOOKUP(E204,'(新)ﾍﾞﾝﾀﾞｰ中型'!$A$3:$K$81,10,0),"")
C205: =IFERROR(VLOOKUP(E205,'(新)ﾍﾞﾝﾀﾞｰ中型'!$A$3:$K$81,4,0),"") | D205: =IFERROR(VLOOKUP(E205,'(新)ﾍﾞﾝﾀﾞｰ中型'!$A$3:$K$87,5,0),"") | F205: =IFERROR(VLOOKUP(E205,'(新)ﾍﾞﾝﾀﾞｰ中型'!$A$3:$K$81,8,0),"") | G205: =IFERROR(VLOOKUP(E205,'(旧)ﾍﾞﾝﾀﾞｰ中型'!$A$3:$K$237,10,0),"") | H205: ⇒ | I205: =IFERROR(VLOOKUP(E205,'(新)ﾍﾞﾝﾀﾞｰ中型'!$A$3:$K$81,10,0),"")
C206: =IFERROR(VLOOKUP(E206,'(新)ﾍﾞﾝﾀﾞｰ中型'!$A$3:$K$81,4,0),"") | D206: =IFERROR(VLOOKUP(E206,'(新)ﾍﾞﾝﾀﾞｰ中型'!$A$3:$K$87,5,0),"") | F206: =IFERROR(VLOOKUP(E206,'(新)ﾍﾞﾝﾀﾞｰ中型'!$A$3:$K$81,8,0),"") | G206: =IFERROR(VLOOKUP(E206,'(旧)ﾍﾞﾝﾀﾞｰ中型'!$A$3:$K$237,10,0),"") | H206: ⇒ | I206: =IFERROR(VLOOKUP(E206,'(新)ﾍﾞﾝﾀﾞｰ中型'!$A$3:$K$81,10,0),"")
C207: =IFERROR(VLOOKUP(E207,'(新)ﾍﾞﾝﾀﾞｰ中型'!$A$3:$K$81,4,0),"") | D207: =IFERROR(VLOOKUP(E207,'(新)ﾍﾞﾝﾀﾞｰ中型'!$A$3:$K$87,5,0),"") | F207: =IFERROR(VLOOKUP(E207,'(新)ﾍﾞﾝﾀﾞｰ中型'!$A$3:$K$81,8,0),"") | G207: =IFERROR(VLOOKUP(E207,'(旧)ﾍﾞﾝﾀﾞｰ中型'!$A$3:$K$237,10,0),"") | H207: ⇒ | I207: =IFERROR(VLOOKUP(E207,'(新)ﾍﾞﾝﾀﾞｰ中型'!$A$3:$K$81,10,0),"")
C208: =IFERROR(VLOOKUP(E208,'(新)ﾍﾞﾝﾀﾞｰ中型'!$A$3:$K$81,4,0),"") | D208: =IFERROR(VLOOKUP(E208,'(新)ﾍﾞﾝﾀﾞｰ中型'!$A$3:$K$87,5,0),"") | F208: =IFERROR(VLOOKUP(E208,'(新)ﾍﾞﾝﾀﾞｰ中型'!$A$3:$K$81,8,0),"") | G208: =IFERROR(VLOOKUP(E208,'(旧)ﾍﾞﾝﾀﾞｰ中型'!$A$3:$K$237,10,0),"") | H208: ⇒ | I208: =IFERROR(VLOOKUP(E208,'(新)ﾍﾞﾝﾀﾞｰ中型'!$A$3:$K$81,10,0),"")
C209: =IFERROR(VLOOKUP(E209,'(新)ﾍﾞﾝﾀﾞｰ中型'!$A$3:$K$81,4,0),"") | D209: =IFERROR(VLOOKUP(E209,'(新)ﾍﾞﾝﾀﾞｰ中型'!$A$3:$K$87,5,0),"") | F209: =IFERROR(VLOOKUP(E209,'(新)ﾍﾞﾝﾀﾞｰ中型'!$A$3:$K$81,8,0),"") | G209: =IFERROR(VLOOKUP(E209,'(旧)ﾍﾞﾝﾀﾞｰ中型'!$A$3:$K$237,10,0),"") | H209: ⇒ | I209: =IFERROR(VLOOKUP(E209,'(新)ﾍﾞﾝﾀﾞｰ中型'!$A$3:$K$81,10,0),"")
C210: =IFERROR(VLOOKUP(E210,'(新)ﾍﾞﾝﾀﾞｰ中型'!$A$3:$K$81,4,0),"") | D210: =IFERROR(VLOOKUP(E210,'(新)ﾍﾞﾝﾀﾞｰ中型'!$A$3:$K$87,5,0),"") | F210: =IFERROR(VLOOKUP(E210,'(新)ﾍﾞﾝﾀﾞｰ中型'!$A$3:$K$81,8,0),"") | G210: =IFERROR(VLOOKUP(E210,'(旧)ﾍﾞﾝﾀﾞｰ中型'!$A$3:$K$237,10,0),"") | H210: ⇒ | I210: =IFERROR(VLOOKUP(E210,'(新)ﾍﾞﾝﾀﾞｰ中型'!$A$3:$K$81,10,0),"")
C211: =IFERROR(VLOOKUP(E211,'(新)ﾍﾞﾝﾀﾞｰ中型'!$A$3:$K$81,4,0),"") | D211: =IFERROR(VLOOKUP(E211,'(新)ﾍﾞﾝﾀﾞｰ中型'!$A$3:$K$87,5,0),"") | F211: =IFERROR(VLOOKUP(E211,'(新)ﾍﾞﾝﾀﾞｰ中型'!$A$3:$K$81,8,0),"") | G211: =IFERROR(VLOOKUP(E211,'(旧)ﾍﾞﾝﾀﾞｰ中型'!$A$3:$K$237,10,0),"") | H211: ⇒ | I211: =IFERROR(VLOOKUP(E211,'(新)ﾍﾞﾝﾀﾞｰ中型'!$A$3:$K$81,10,0),"")
C212: =IFERROR(VLOOKUP(E212,'(新)ﾍﾞﾝﾀﾞｰ中型'!$A$3:$K$81,4,0),"") | D212: =IFERROR(VLOOKUP(E212,'(新)ﾍﾞﾝﾀﾞｰ中型'!$A$3:$K$87,5,0),"") | F212: =IFERROR(VLOOKUP(E212,'(新)ﾍﾞﾝﾀﾞｰ中型'!$A$3:$K$81,8,0),"") | G212: =IFERROR(VLOOKUP(E212,'(旧)ﾍﾞﾝﾀﾞｰ中型'!$A$3:$K$237,10,0),"") | H212: ⇒ | I212: =IFERROR(VLOOKUP(E212,'(新)ﾍﾞﾝﾀﾞｰ中型'!$A$3:$K$81,10,0),"")
C213: =IFERROR(VLOOKUP(E213,'(新)ﾍﾞﾝﾀﾞｰ中型'!$A$3:$K$81,4,0),"") | D213: =IFERROR(VLOOKUP(E213,'(新)ﾍﾞﾝﾀﾞｰ中型'!$A$3:$K$87,5,0),"") | F213: =IFERROR(VLOOKUP(E213,'(新)ﾍﾞﾝﾀﾞｰ中型'!$A$3:$K$81,8,0),"") | G213: =IFERROR(VLOOKUP(E213,'(旧)ﾍﾞﾝﾀﾞｰ中型'!$A$3:$K$237,10,0),"") | H213: ⇒ | I213: =IFERROR(VLOOKUP(E213,'(新)ﾍﾞﾝﾀﾞｰ中型'!$A$3:$K$81,10,0),"")
C214: =IFERROR(VLOOKUP(E214,'(新)ﾍﾞﾝﾀﾞｰ中型'!$A$3:$K$81,4,0),"") | D214: =IFERROR(VLOOKUP(E214,'(新)ﾍﾞﾝﾀﾞｰ中型'!$A$3:$K$87,5,0),"") | F214: =IFERROR(VLOOKUP(E214,'(新)ﾍﾞﾝﾀﾞｰ中型'!$A$3:$K$81,8,0),"") | G214: =IFERROR(VLOOKUP(E214,'(旧)ﾍﾞﾝﾀﾞｰ中型'!$A$3:$K$237,10,0),"") | H214: ⇒ | I214: =IFERROR(VLOOKUP(E214,'(新)ﾍﾞﾝﾀﾞｰ中型'!$A$3:$K$81,10,0),"")
... C221: =IFERROR(VLOOKUP(E221,'(新)ﾍﾞﾝﾀﾞｰ中型'!$A$3:$K$81,4,0),"") | D221: =IFERROR(VLOOKUP(E221,'(新)ﾍﾞﾝﾀﾞｰ中型'!$A$3:$K$87,5,0),"") | F221: =IFERROR(VLOOKUP(E221,'(新)ﾍﾞﾝﾀﾞｰ中型'!$A$3:$K$81,8,0),"") | G221: =IFERROR(VLOOKUP(E221,'(旧)ﾍﾞﾝﾀﾞｰ中型'!$A$3:$K$237,10,0),"") | H221: ⇒ | I221: =IFERROR(VLOOKUP(E221,'(新)ﾍﾞﾝﾀﾞｰ中型'!$A$3:$K$81,10,0),"")
B222: =IFERROR(VLOOKUP(E222,'(新)ﾍﾞﾝﾀﾞｰ中型'!$A$3:$K$81,2,0),"") | C222: =IFERROR(VLOOKUP(E222,'(新)ﾍﾞﾝﾀﾞｰ中型'!$A$3:$K$81,4,0),"") | D222: =IFERROR(VLOOKUP(E222,'(新)ﾍﾞﾝﾀﾞｰ中型'!$A$3:$K$87,5,0),"") | F222: =IFERROR(VLOOKUP(E222,'(新)ﾍﾞﾝﾀﾞｰ中型'!$A$3:$K$81,8,0),"") | G222: =IFERROR(VLOOKUP(E222,'(旧)ﾍﾞﾝﾀﾞｰ中型'!$A$3:$K$237,10,0),"") | H222: ⇒ | I222: =IFERROR(VLOOKUP(E222,'(新)ﾍﾞﾝﾀﾞｰ中型'!$A$3:$K$81,10,0),"")
B223: =IFERROR(VLOOKUP(E223,'(新)ﾍﾞﾝﾀﾞｰ中型'!$A$3:$K$81,2,0),"") | C223: =IFERROR(VLOOKUP(E223,'(新)ﾍﾞﾝﾀﾞｰ中型'!$A$3:$K$81,4,0),"") | D223: =IFERROR(VLOOKUP(E223,'(新)ﾍﾞﾝﾀﾞｰ中型'!$A$3:$K$87,5,0),"") | F223: =IFERROR(VLOOKUP(E223,'(新)ﾍﾞﾝﾀﾞｰ中型'!$A$3:$K$81,8,0),"") | G223: =IFERROR(VLOOKUP(E223,'(旧)ﾍﾞﾝﾀﾞｰ中型'!$A$3:$K$237,10,0),"") | H223: ⇒ | I223: =IFERROR(VLOOKUP(E223,'(新)ﾍﾞﾝﾀﾞｰ中型'!$A$3:$K$81,10,0),"")
B224: =IFERROR(VLOOKUP(E224,'(新)ﾍﾞﾝﾀﾞｰ中型'!$A$3:$K$81,2,0),"") | C224: =IFERROR(VLOOKUP(E224,'(新)ﾍﾞﾝﾀﾞｰ中型'!$A$3:$K$81,4,0),"") | D224: =IFERROR(VLOOKUP(E224,'(新)ﾍﾞﾝﾀﾞｰ中型'!$A$3:$K$87,5,0),"") | F224: =IFERROR(VLOOKUP(E224,'(新)ﾍﾞﾝﾀﾞｰ中型'!$A$3:$K$81,8,0),"") | G224: =IFERROR(VLOOKUP(E224,'(旧)ﾍﾞﾝﾀﾞｰ中型'!$A$3:$K$237,10,0),"") | H224: ⇒ | I224: =IFERROR(VLOOKUP(E224,'(新)ﾍﾞﾝﾀﾞｰ中型'!$A$3:$K$81,10,0),"")
B225: =IFERROR(VLOOKUP(E225,'(新)ﾍﾞﾝﾀﾞｰ中型'!$A$3:$K$81,2,0),"") | C225: =IFERROR(VLOOKUP(E225,'(新)ﾍﾞﾝﾀﾞｰ中型'!$A$3:$K$81,4,0),"") | D225: =IFERROR(VLOOKUP(E225,'(新)ﾍﾞﾝﾀﾞｰ中型'!$A$3:$K$87,5,0),"") | F225: =IFERROR(VLOOKUP(E225,'(新)ﾍﾞﾝﾀﾞｰ中型'!$A$3:$K$81,8,0),"") | G225: =IFERROR(VLOOKUP(E225,'(旧)ﾍﾞﾝﾀﾞｰ中型'!$A$3:$K$237,10,0),"") | H225: ⇒ | I225: =IFERROR(VLOOKUP(E225,'(新)ﾍﾞﾝﾀﾞｰ中型'!$A$3:$K$81,10,0),"")
B226: =IFERROR(VLOOKUP(E226,'(新)ﾍﾞﾝﾀﾞｰ中型'!$A$3:$K$81,2,0),"") | C226: =IFERROR(VLOOKUP(E226,'(新)ﾍﾞﾝﾀﾞｰ中型'!$A$3:$K$81,4,0),"") | D226: =IFERROR(VLOOKUP(E226,'(新)ﾍﾞﾝﾀﾞｰ中型'!$A$3:$K$87,5,0),"") | F226: =IFERROR(VLOOKUP(E226,'(新)ﾍﾞﾝﾀﾞｰ中型'!$A$3:$K$81,8,0),"") | G226: =IFERROR(VLOOKUP(E226,'(旧)ﾍﾞﾝﾀﾞｰ中型'!$A$3:$K$237,10,0),"") | H226: ⇒ | I226: =IFERROR(VLOOKUP(E226,'(新)ﾍﾞﾝﾀﾞｰ中型'!$A$3:$K$81,10,0),"")
B227: =IFERROR(VLOOKUP(E227,'(新)ﾍﾞﾝﾀﾞｰ中型'!$A$3:$K$81,2,0),"") | C227: =IFERROR(VLOOKUP(E227,'(新)ﾍﾞﾝﾀﾞｰ中型'!$A$3:$K$81,4,0),"") | D227: =IFERROR(VLOOKUP(E227,'(新)ﾍﾞﾝﾀﾞｰ中型'!$A$3:$K$87,5,0),"") | F227: =IFERROR(VLOOKUP(E227,'(新)ﾍﾞﾝﾀﾞｰ中型'!$A$3:$K$81,8,0),"") | G227: =IFERROR(VLOOKUP(E227,'(旧)ﾍﾞﾝﾀﾞｰ中型'!$A$3:$K$237,10,0),"") | H227: ⇒ | I227: =IFERROR(VLOOKUP(E227,'(新)ﾍﾞﾝﾀﾞｰ中型'!$A$3:$K$81,10,0),"")
B228: =IFERROR(VLOOKUP(E228,'(新)ﾍﾞﾝﾀﾞｰ中型'!$A$3:$K$81,2,0),"") | C228: =IFERROR(VLOOKUP(E228,'(新)ﾍﾞﾝﾀﾞｰ中型'!$A$3:$K$81,4,0),"") | D228: =IFERROR(VLOOKUP(E228,'(新)ﾍﾞﾝﾀﾞｰ中型'!$A$3:$K$87,5,0),"") | F228: =IFERROR(VLOOKUP(E228,'(新)ﾍﾞﾝﾀﾞｰ中型'!$A$3:$K$81,8,0),"") | G228: =IFERROR(VLOOKUP(E228,'(旧)ﾍﾞﾝﾀﾞｰ中型'!$A$3:$K$237,10,0),"") | H228: ⇒ | I228: =IFERROR(VLOOKUP(E228,'(新)ﾍﾞﾝﾀﾞｰ中型'!$A$3:$K$81,10,0),"")
B229: =IFERROR(VLOOKUP(E229,'(新)ﾍﾞﾝﾀﾞｰ中型'!$A$3:$K$81,2,0),"") | C229: =IFERROR(VLOOKUP(E229,'(新)ﾍﾞﾝﾀﾞｰ中型'!$A$3:$K$81,4,0),"") | D229: =IFERROR(VLOOKUP(E229,'(新)ﾍﾞﾝﾀﾞｰ中型'!$A$3:$K$87,5,0),"") | F229: =IFERROR(VLOOKUP(E229,'(新)ﾍﾞﾝﾀﾞｰ中型'!$A$3:$K$81,8,0),"") | G229: =IFERROR(VLOOKUP(E229,'(旧)ﾍﾞﾝﾀﾞｰ中型'!$A$3:$K$237,10,0),"") | H229: ⇒ | I229: =IFERROR(VLOOKUP(E229,'(新)ﾍﾞﾝﾀﾞｰ中型'!$A$3:$K$81,10,0),"")
B230: =IFERROR(VLOOKUP(E230,'(新)ﾍﾞﾝﾀﾞｰ中型'!$A$3:$K$81,2,0),"") | C230: =IFERROR(VLOOKUP(E230,'(新)ﾍﾞﾝﾀﾞｰ中型'!$A$3:$K$81,4,0),"") | D230: =IFERROR(VLOOKUP(E230,'(新)ﾍﾞﾝﾀﾞｰ中型'!$A$3:$K$87,5,0),"") | F230: =IFERROR(VLOOKUP(E230,'(新)ﾍﾞﾝﾀﾞｰ中型'!$A$3:$K$81,8,0),"") | G230: =IFERROR(VLOOKUP(E230,'(旧)ﾍﾞﾝﾀﾞｰ中型'!$A$3:$K$237,10,0),"") | H230: ⇒ | I230: =IFERROR(VLOOKUP(E230,'(新)ﾍﾞﾝﾀﾞｰ中型'!$A$3:$K$81,10,0),"")
B231: =IFERROR(VLOOKUP(E231,'(新)ﾍﾞﾝﾀﾞｰ中型'!$A$3:$K$81,2,0),"") | C231: =IFERROR(VLOOKUP(E231,'(新)ﾍﾞﾝﾀﾞｰ中型'!$A$3:$K$81,4,0),"") | D231: =IFERROR(VLOOKUP(E231,'(新)ﾍﾞﾝﾀﾞｰ中型'!$A$3:$K$87,5,0),"") | F231: =IFERROR(VLOOKUP(E231,'(新)ﾍﾞﾝﾀﾞｰ中型'!$A$3:$K$81,8,0),"") | G231: =IFERROR(VLOOKUP(E231,'(旧)ﾍﾞﾝﾀﾞｰ中型'!$A$3:$K$237,10,0),"") | H231: ⇒ | I231: =IFERROR(VLOOKUP(E231,'(新)ﾍﾞﾝﾀﾞｰ中型'!$A$3:$K$81,10,0),"")
B232: =IFERROR(VLOOKUP(E232,'(新)ﾍﾞﾝﾀﾞｰ中型'!$A$3:$K$81,2,0),"") | C232: =IFERROR(VLOOKUP(E232,'(新)ﾍﾞﾝﾀﾞｰ中型'!$A$3:$K$81,4,0),"") | D232: =IFERROR(VLOOKUP(E232,'(新)ﾍﾞﾝﾀﾞｰ中型'!$A$3:$K$87,5,0),"") | F232: =IFERROR(VLOOKUP(E232,'(新)ﾍﾞﾝﾀﾞｰ中型'!$A$3:$K$81,8,0),"") | G232: =IFERROR(VLOOKUP(E232,'(旧)ﾍﾞﾝﾀﾞｰ中型'!$A$3:$K$237,10,0),"") | H232: ⇒ | I232: =IFERROR(VLOOKUP(E232,'(新)ﾍﾞﾝﾀﾞｰ中型'!$A$3:$K$81,10,0),"")
B233: =IFERROR(VLOOKUP(E233,'(新)ﾍﾞﾝﾀﾞｰ中型'!$A$3:$K$81,2,0),"") | C233: =IFERROR(VLOOKUP(E233,'(新)ﾍﾞﾝﾀﾞｰ中型'!$A$3:$K$81,4,0),"") | D233: =IFERROR(VLOOKUP(E233,'(新)ﾍﾞﾝﾀﾞｰ中型'!$A$3:$K$87,5,0),"") | F233: =IFERROR(VLOOKUP(E233,'(新)ﾍﾞﾝﾀﾞｰ中型'!$A$3:$K$81,8,0),"") | G233: =IFERROR(VLOOKUP(E233,'(旧)ﾍﾞﾝﾀﾞｰ中型'!$A$3:$K$237,10,0),"") | H233: ⇒ | I233: =IFERROR(VLOOKUP(E233,'(新)ﾍﾞﾝﾀﾞｰ中型'!$A$3:$K$81,10,0),"")
... B237: =IFERROR(VLOOKUP(E237,'(新)ﾍﾞﾝﾀﾞｰ中型'!$A$3:$K$81,2,0),"") | C237: =IFERROR(VLOOKUP(E237,'(新)ﾍﾞﾝﾀﾞｰ中型'!$A$3:$K$81,4,0),"") | D237: =IFERROR(VLOOKUP(E237,'(新)ﾍﾞﾝﾀﾞｰ中型'!$A$3:$K$87,5,0),"") | F237: =IFERROR(VLOOKUP(E237,'(新)ﾍﾞﾝﾀﾞｰ中型'!$A$3:$K$81,8,0),"") | G237: =IFERROR(VLOOKUP(E237,'(旧)ﾍﾞﾝﾀﾞｰ中型'!$A$3:$K$237,10,0),"") | H237: ⇒ | I237: =IFERROR(VLOOKUP(E237,'(新)ﾍﾞﾝﾀﾞｰ中型'!$A$3:$K$81,10,0),"")
B238: =IFERROR(VLOOKUP(E238,'(新)ﾍﾞﾝﾀﾞｰ中型'!$A$3:$K$81,2,0),"") | C238: =IFERROR(VLOOKUP(E238,'(新)ﾍﾞﾝﾀﾞｰ中型'!$A$3:$K$81,4,0),"") | D238: =IFERROR(VLOOKUP(E238,'(新)ﾍﾞﾝﾀﾞｰ中型'!$A$3:$K$81,5,0),"") | F238: =IFERROR(VLOOKUP(E238,'(新)ﾍﾞﾝﾀﾞｰ中型'!$A$3:$K$81,8,0),"") | G238: =IFERROR(VLOOKUP(E238,'(旧)ﾍﾞﾝﾀﾞｰ中型'!$A$3:$K$237,10,0),"") | H238: ⇒ | I238: =IFERROR(VLOOKUP(E238,'(新)ﾍﾞﾝﾀﾞｰ中型'!$A$3:$K$81,10,0),"")
B239: =IFERROR(VLOOKUP(E239,'(新)ﾍﾞﾝﾀﾞｰ中型'!$A$3:$K$81,2,0),"") | C239: =IFERROR(VLOOKUP(E239,'(新)ﾍﾞﾝﾀﾞｰ中型'!$A$3:$K$81,4,0),"") | D239: =IFERROR(VLOOKUP(E239,'(新)ﾍﾞﾝﾀﾞｰ中型'!$A$3:$K$81,5,0),"") | F239: =IFERROR(VLOOKUP(E239,'(新)ﾍﾞﾝﾀﾞｰ中型'!$A$3:$K$81,8,0),"") | G239: =IFERROR(VLOOKUP(E239,'(旧)ﾍﾞﾝﾀﾞｰ中型'!$A$3:$K$237,10,0),"") | H239: ⇒ | I239: =IFERROR(VLOOKUP(E239,'(新)ﾍﾞﾝﾀﾞｰ中型'!$A$3:$K$81,10,0),"")
B240: =IFERROR(VLOOKUP(E240,'(新)ﾍﾞﾝﾀﾞｰ中型'!$A$3:$K$81,2,0),"") | C240: =IFERROR(VLOOKUP(E240,'(新)ﾍﾞﾝﾀﾞｰ中型'!$A$3:$K$81,4,0),"") | D240: =IFERROR(VLOOKUP(E240,'(新)ﾍﾞﾝﾀﾞｰ中型'!$A$3:$K$81,5,0),"") | F240: =IFERROR(VLOOKUP(E240,'(新)ﾍﾞﾝﾀﾞｰ中型'!$A$3:$K$81,8,0),"") | G240: =IFERROR(VLOOKUP(E240,'(旧)ﾍﾞﾝﾀﾞｰ中型'!$A$3:$K$237,10,0),"") | H240: ⇒ | I240: =IFERROR(VLOOKUP(E240,'(新)ﾍﾞﾝﾀﾞｰ中型'!$A$3:$K$81,10,0),"")
B241: =IFERROR(VLOOKUP(E241,'(新)ﾍﾞﾝﾀﾞｰ中型'!$A$3:$K$81,2,0),"") | C241: =IFERROR(VLOOKUP(E241,'(新)ﾍﾞﾝﾀﾞｰ中型'!$A$3:$K$81,4,0),"") | D241: =IFERROR(VLOOKUP(E241,'(新)ﾍﾞﾝﾀﾞｰ中型'!$A$3:$K$81,5,0),"") | F241: =IFERROR(VLOOKUP(E241,'(新)ﾍﾞﾝﾀﾞｰ中型'!$A$3:$K$81,8,0),"") | G241: =IFERROR(VLOOKUP(E241,'(旧)ﾍﾞﾝﾀﾞｰ中型'!$A$3:$K$237,10,0),"") | H241: ⇒ | I241: =IFERROR(VLOOKUP(E241,'(新)ﾍﾞﾝﾀﾞｰ中型'!$A$3:$K$81,10,0),"")
B242: =IFERROR(VLOOKUP(E242,'(新)ﾍﾞﾝﾀﾞｰ中型'!$A$3:$K$81,2,0),"") | C242: =IFERROR(VLOOKUP(E242,'(新)ﾍﾞﾝﾀﾞｰ中型'!$A$3:$K$81,4,0),"") | D242: =IFERROR(VLOOKUP(E242,'(新)ﾍﾞﾝﾀﾞｰ中型'!$A$3:$K$81,5,0),"") | F242: =IFERROR(VLOOKUP(E242,'(新)ﾍﾞﾝﾀﾞｰ中型'!$A$3:$K$81,8,0),"") | G242: =IFERROR(VLOOKUP(E242,'(旧)ﾍﾞﾝﾀﾞｰ中型'!$A$3:$K$237,10,0),"") | H242: ⇒ | I242: =IFERROR(VLOOKUP(E242,'(新)ﾍﾞﾝﾀﾞｰ中型'!$A$3:$K$81,10,0),"")
B243: =IFERROR(VLOOKUP(E243,'(新)ﾍﾞﾝﾀﾞｰ中型'!$A$3:$K$81,2,0),"") | C243: =IFERROR(VLOOKUP(E243,'(新)ﾍﾞﾝﾀﾞｰ中型'!$A$3:$K$81,4,0),"") | D243: =IFERROR(VLOOKUP(E243,'(新)ﾍﾞﾝﾀﾞｰ中型'!$A$3:$K$81,5,0),"") | F243: =IFERROR(VLOOKUP(E243,'(新)ﾍﾞﾝﾀﾞｰ中型'!$A$3:$K$81,8,0),"") | G243: =IFERROR(VLOOKUP(E243,'(旧)ﾍﾞﾝﾀﾞｰ中型'!$A$3:$K$237,10,0),"") | H243: ⇒ | I243: =IFERROR(VLOOKUP(E243,'(新)ﾍﾞﾝﾀﾞｰ中型'!$A$3:$K$81,10,0),"")
B244: =IFERROR(VLOOKUP(E244,'(新)ﾍﾞﾝﾀﾞｰ中型'!$A$3:$K$81,2,0),"") | C244: =IFERROR(VLOOKUP(E244,'(新)ﾍﾞﾝﾀﾞｰ中型'!$A$3:$K$81,4,0),"") | D244: =IFERROR(VLOOKUP(E244,'(新)ﾍﾞﾝﾀﾞｰ中型'!$A$3:$K$81,5,0),"") | F244: =IFERROR(VLOOKUP(E244,'(新)ﾍﾞﾝﾀﾞｰ中型'!$A$3:$K$81,8,0),"") | G244: =IFERROR(VLOOKUP(E244,'(旧)ﾍﾞﾝﾀﾞｰ中型'!$A$3:$K$237,10,0),"") | H244: ⇒ | I244: =IFERROR(VLOOKUP(E244,'(新)ﾍﾞﾝﾀﾞｰ中型'!$A$3:$K$81,10,0),"")
B245: =IFERROR(VLOOKUP(E245,'(新)ﾍﾞﾝﾀﾞｰ中型'!$A$3:$K$81,2,0),"") | C245: =IFERROR(VLOOKUP(E245,'(新)ﾍﾞﾝﾀﾞｰ中型'!$A$3:$K$81,4,0),"") | D245: =IFERROR(VLOOKUP(E245,'(新)ﾍﾞﾝﾀﾞｰ中型'!$A$3:$K$81,5,0),"") | F245: =IFERROR(VLOOKUP(E245,'(新)ﾍﾞﾝﾀﾞｰ中型'!$A$3:$K$81,8,0),"") | G245: =IFERROR(VLOOKUP(E245,'(旧)ﾍﾞﾝﾀﾞｰ中型'!$A$3:$K$237,10,0),"") | H245: ⇒ | I245: =IFERROR(VLOOKUP(E245,'(新)ﾍﾞﾝﾀﾞｰ中型'!$A$3:$K$81,10,0),"")
B246: =IFERROR(VLOOKUP(E246,'(新)ﾍﾞﾝﾀﾞｰ中型'!$A$3:$K$81,2,0),"") | C246: =IFERROR(VLOOKUP(E246,'(新)ﾍﾞﾝﾀﾞｰ中型'!$A$3:$K$81,4,0),"") | D246: =IFERROR(VLOOKUP(E246,'(新)ﾍﾞﾝﾀﾞｰ中型'!$A$3:$K$81,5,0),"") | F246: =IFERROR(VLOOKUP(E246,'(新)ﾍﾞﾝﾀﾞｰ中型'!$A$3:$K$81,8,0),"") | G246: =IFERROR(VLOOKUP(E246,'(旧)ﾍﾞﾝﾀﾞｰ中型'!$A$3:$K$237,10,0),"") | H246: ⇒ | I246: =IFERROR(VLOOKUP(E246,'(新)ﾍﾞﾝﾀﾞｰ中型'!$A$3:$K$81,10,0),"")
B247: =IFERROR(VLOOKUP(E247,'(新)ﾍﾞﾝﾀﾞｰ中型'!$A$3:$K$81,2,0),"") | C247: =IFERROR(VLOOKUP(E247,'(新)ﾍﾞﾝﾀﾞｰ中型'!$A$3:$K$81,4,0),"") | D247: =IFERROR(VLOOKUP(E247,'(新)ﾍﾞﾝﾀﾞｰ中型'!$A$3:$K$81,5,0),"") | F247: =IFERROR(VLOOKUP(E247,'(新)ﾍﾞﾝﾀﾞｰ中型'!$A$3:$K$81,8,0),"") | G247: =IFERROR(VLOOKUP(E247,'(旧)ﾍﾞﾝﾀﾞｰ中型'!$A$3:$K$237,10,0),"") | H247: ⇒ | I247: =IFERROR(VLOOKUP(E247,'(新)ﾍﾞﾝﾀﾞｰ中型'!$A$3:$K$81,10,0),"")
B248: =IFERROR(VLOOKUP(E248,'(新)ﾍﾞﾝﾀﾞｰ中型'!$A$3:$K$81,2,0),"") | C248: =IFERROR(VLOOKUP(E248,'(新)ﾍﾞﾝﾀﾞｰ中型'!$A$3:$K$81,4,0),"") | D248: =IFERROR(VLOOKUP(E248,'(新)ﾍﾞﾝﾀﾞｰ中型'!$A$3:$K$81,5,0),"") | F248: =IFERROR(VLOOKUP(E248,'(新)ﾍﾞﾝﾀﾞｰ中型'!$A$3:$K$81,8,0),"") | G248: =IFERROR(VLOOKUP(E248,'(旧)ﾍﾞﾝﾀﾞｰ中型'!$A$3:$K$237,10,0),"") | H248: ⇒ | I248: =IFERROR(VLOOKUP(E248,'(新)ﾍﾞﾝﾀﾞｰ中型'!$A$3:$K$81,10,0),"")
B249: =IFERROR(VLOOKUP(E249,'(新)ﾍﾞﾝﾀﾞｰ中型'!$A$3:$K$81,2,0),"") | C249: =IFERROR(VLOOKUP(E249,'(新)ﾍﾞﾝﾀﾞｰ中型'!$A$3:$K$81,4,0),"") | D249: =IFERROR(VLOOKUP(E249,'(新)ﾍﾞﾝﾀﾞｰ中型'!$A$3:$K$81,5,0),"") | F249: =IFERROR(VLOOKUP(E249,'(新)ﾍﾞﾝﾀﾞｰ中型'!$A$3:$K$81,8,0),"") | G249: =IFERROR(VLOOKUP(E249,'(旧)ﾍﾞﾝﾀﾞｰ中型'!$A$3:$K$237,10,0),"") | H249: ⇒ | I249: =IFERROR(VLOOKUP(E249,'(新)ﾍﾞﾝﾀﾞｰ中型'!$A$3:$K$81,10,0),"")
... B328: =IFERROR(VLOOKUP(E328,'(新)ﾍﾞﾝﾀﾞｰ中型'!$A$3:$K$81,2,0),"") | C328: =IFERROR(VLOOKUP(E328,'(新)ﾍﾞﾝﾀﾞｰ中型'!$A$3:$K$81,4,0),"") | D328: =IFERROR(VLOOKUP(E328,'(新)ﾍﾞﾝﾀﾞｰ中型'!$A$3:$K$81,5,0),"") | F328: =IFERROR(VLOOKUP(E328,'(新)ﾍﾞﾝﾀﾞｰ中型'!$A$3:$K$81,8,0),"") | G328: =IFERROR(VLOOKUP(E328,'(旧)ﾍﾞﾝﾀﾞｰ中型'!$A$3:$K$237,10,0),"") | H328: ⇒ | I328: =IFERROR(VLOOKUP(E328,'(新)ﾍﾞﾝﾀﾞｰ中型'!$A$3:$K$81,10,0),"")

Sheet (旧)ﾍﾞﾝﾀﾞｰ大型
A1: Ｓｅｒ． | B1: 生産月 | C1: Ｎｏ． | D1: 機種名 | E1: 顧客 | F1: 仕様機種名 | G1: 仕様分類 | H1: 機種品番 | I1: 確定仕様書NO | J1: 着手日 | K1: 完成予定日
A3: TY60075008 | B3: 09月 | C3: 001 | D3: HRB6007 | E3: （株）徹工業 | F3: HRB6007-J | G3: STD | H3: 0G3780 | I3: 182673 | J3: 2026/08/18 | K3: 2026/09/30
A4: TY35035019 | B4: 09月 | C4: 002 | D4: HRB3503 | E4: （株）ｅｘｃｅｌｌｅｎｔ | F4: HRB3503-J | G4: STD | H4: 0G3591 | I4: 188299 | J4: 2026/08/20 | K4: 2026/09/05
A5: TY35065012 | B5: 09月 | C5: 003 | D5: HRB3506EXP | E5: 【TAIWAN】原榮 | F5: HRB3506-E | G5: STD | H5: 0G3919 | I5: TW0463 | J5: 2026/08/26 | K5: 2026/09/26
A6: TY35045031 | B6: 09月 | C6: 004 | D6: HRB3504 | E6: （株）ユタカウェルテック | F6: HRB3504-J | G6: STD | H6: 0D3733 | I6: 193709 | J6: 2026/09/04 | K6: 2026/09/25
A7: TY35035020 | B7: 10月 | C7: 001 | D7: HRB3503 | E7: （株）アマダベンディングＳ部 | F7: HRB3503-J | G7: STD | H7: 0D1410 | J7: 2026/09/25 | K7: 2026/10/09
A8: TY60075006 | B8: 10月 | C8: 002 | D8: HRB6007 | E8: 大丸鐵興（株） | F8: HRB6007-J | G8: STD | H8: 0F8902 | I8: 116088 | J8: 2026/10/13 | K8: 2026/12/10
A9: TY35065014 | B9: 11月 | C9: 001 | D9: HRB3506 | E9: 墨東建材工業（株） | F9: HRB3506-J | G9: STD | H9: 0D3185 | I9: 182679 | J9: 2026/10/13 | K9: 2026/11/07
A10: TY35045032 | B10: 11月 | C10: 002 | D10: HRB3504 | E10: （株）林シャーリング | F10: HRB3504-J | G10: STD | H10: 0G5073 | I10: 182687 | J10: 2026/11/10 | K10: 2026/11/26
A11: TY35065013 | B11: 12月 | C11: 001 | D11: HRB3506 | E11: （株）ソーゴ | F11: HRB3506-J | G11: STD | H11: 0G4304 | I11: 193760 | J11: 2026/11/05 | K11: 2026/11/27
A12: TY35045033 | B12: 01月 | C12: 001 | D12: HRB3504 | E12: （株）イハラ | F12: HRB3504-J | G12: STD | H12: 0G4497 | I12: 194819 | J12: 2026/12/11 | K12: 2027/01/05
A13: TY35045035 | B13: 01月 | C13: 002 | D13: HRB3504 | E13: 東洋シヤッター（株） | F13: HRB3504-J | G13: STD | H13: 0D3733 | I13: 195903 | J13: 2026/12/25 | K13: 2027/01/19
A14: TY35045034 | B14: 01月 | C14: 003 | D14: HRBC3504 | E14: 【CHINA】Foxconn天津 | F14: HRBC3504-E | G14: STD | H14: 0G4759 | I14: CN0495 | J14: 2027/01/06 | K14: 2027/01/06
A15: TY35035021 | B15: 01月 | C15: 004 | D15: HRB3503 | E15: 山崎金属工業（株） | F15: HRB3503-J | G15: STD | H15: 0G4906 | I15: 193761 | J15: 2027/01/14 | K15: 2027/01/30
A16: TY35065015 | B16: 02月 | C16: 001 | D16: HRB3506 | E16: パナソニック ＨＶＡＣ ＆ ＣＣシステム | F16: HRB3506-J | G16: STD | H16: 0D3185 | I16: 195993 | J16: 2027/01/05 | K16: 2027/02/02
A17: TY35045036 | B17: 02月 | C17: 002 | D17: HRB3504 | E17: 東海シヤリング（株） | F17: HRB3504-J | G17: STD | H17: 0D3733 | I17: 195991 | J17: 2027/01/22 | K17: 2027/02/09
A18: TY35045037 | B18: 02月 | C18: 003 | D18: HRB3504 | E18: （株）高橋鉄骨 | F18: HRB3504-J | G18: STD | H18: 0D3733 | I18: 195992 | J18: 2027/02/09 | K18: 2027/02/27

Sheet (新)ﾍﾞﾝﾀﾞｰ大型
A1: Ｓｅｒ． | B1: 生産月 | C1: Ｎｏ． | D1: 機種名 | E1: 顧客 | F1: 仕様機種名 | G1: 仕様分類 | H1: 機種品番 | I1: 確定仕様書NO | J1: 着手日 | K1: 完成予定日
A3: TY60075008 | B3: 10月 | C3: 001 | D3: HRB6007 | E3: （株）徹工業 | F3: HRB6007-J | G3: STD | H3: 0G3780 | I3: 182673 | J3: 2026/08/18 | K3: 2026/09/25
A4: TY35035019 | B4: 10月 | C4: 002 | D4: HRB3503 | E4: （株）ｅｘｃｅｌｌｅｎｔ | F4: HRB3503-J | G4: STD | H4: 0G3591 | I4: 188299 | J4: 2026/08/20 | K4: 2026/09/04
A5: TY35065012 | B5: 10月 | C5: 003 | D5: HRB3506EXP | E5: 【TAIWAN】原榮 | F5: HRB3506-E | G5: STD | H5: 0G3919 | I5: TW0463 | J5: 2026/08/26 | K5: 2026/09/24
A6: TY35035020 | B6: 10月 | C6: 004 | D6: HRB3503 | E6: （株）アマダベンディングＳ部 | F6: HRB3503-J | G6: STD | H6: 0D1410 | J6: 2026/09/25 | K6: 2026/10/09
A7: TY60075006 | B7: 10月 | C7: 005 | D7: HRB6007 | E7: 大丸鐵興（株） | F7: HRB6007-J | G7: STD | H7: 0F8902 | I7: 116088 | J7: 2026/10/13 | K7: 2026/12/10
A8: TY35065014 | B8: 11月 | C8: 001 | D8: HRB3506 | E8: 墨東建材工業（株） | F8: HRB3506-J | G8: STD | H8: 0D3185 | I8: 182679 | J8: 2026/10/21 | K8: 2026/11/13
A9: TY35045032 | B9: 11月 | C9: 002 | D9: HRB3504 | E9: （株）林シャーリング | F9: HRB3504-J | G9: STD | H9: 0G5073 | I9: 182687 | J9: 2026/11/12 | K9: 2026/11/26
A10: TY35065013 | B10: 12月 | C10: 001 | D10: HRB3506 | E10: （株）ソーゴ | F10: HRB3506-J | G10: STD | H10: 0G4304 | I10: 193760 | J10: 2026/11/05 | K10: 2026/11/27
A11: TY35035021 | B11: 01月 | C11: 001 | D11: HRB3503 | E11: 山崎金属工業（株） | F11: HRB3503-J | G11: STD | H11: 0G4906 | I11: 193761 | J11: 2026/12/11 | K11: 2026/12/25
A12: TY35045033 | B12: 01月 | C12: 002 | D12: HRB3504 | E12: （株）イハラ | F12: HRB3504-J | G12: STD | H12: 0G4497 | I12: 194819 | J12: 2026/12/18 | K12: 2027/01/08
A13: TY35045034 | B13: 01月 | C13: 003 | D13: HRBC3504 | E13: 【CHINA】Foxconn天津 | F13: HRBC3504-E | G13: STD | H13: 0G4759 | I13: CN0495 | J13: 2026/12/25 | K13: 2026/12/25
A14: TY35045035 | B14: 01月 | C14: 004 | D14: HRB3504 | E14: 東洋シヤッター（株） | F14: HRB3504-J | G14: STD | H14: 0D3733 | I14: 195903 | J14: 2027/01/15 | K14: 2027/01/29
A15: TY35065015 | B15: 02月 | C15: 001 | D15: HRB3506 | E15: パナソニック ＨＶＡＣ ＆ ＣＣシステム | F15: HRB3506-J | G15: STD | H15: 0G5795 | I15: 195993 | J15: 2027/01/08 | K15: 2027/02/02
A16: TY35045036 | B16: 02月 | C16: 002 | D16: HRB3504 | E16: 東海シヤリング（株） | F16: HRB3504-J | G16: STD | H16: 0D3733 | I16: 195991 | J16: 2027/01/26 | K16: 2027/02/09
A17: TY35045037 | B17: 02月 | C17: 003 | D17: HRB3504 | E17: （株）アムロン | F17: HRB3504-J | G17: STD | H17: 0G5917 | I17: 206083 | J17: 2027/02/04 | K17: 2027/02/19
A18: TY35045038 | B18: 03月 | C18: 001 | D18: HRB3504 | E18: （有）マサカツ鋼材 | F18: HRB3504-J | G18: STD | H18: 0D3733 | I18: 206075 | J18: 2027/02/13 | K18: 2027/03/02
... A20: TY35035022 | B20: 03月 | C20: 003 | D20: HRB3503 | E20: （株）広島メタルワーク | F20: HRB3503-J | G20: STD | H20: 0D1410 | I20: 206006 | J20: 2027/03/04 | K20: 2027/03/18

Sheet ﾍﾞﾝﾀﾞｰ大型対照表
A1: NO | B1: 生産月 | C1: 機種名 | D1: 客先名 | E1: シリアルNo | F1: 機種品番 | G1: 着手日(変更前) | I1: 着手日(変更後)
A2: 1 | B2: =IFERROR(VLOOKUP(E2,'(新)ﾍﾞﾝﾀﾞｰ大型'!$A$3:$K14,2,0),"") -> 10月 | C2: =IFERROR(VLOOKUP(E2,'(新)ﾍﾞﾝﾀﾞｰ大型'!$A$3:K14,4,0),"") -> HRB6007 | D2: =IFERROR(VLOOKUP(E2,'(新)ﾍﾞﾝﾀﾞｰ大型'!$A$3:K14,5,0),"") -> （株）徹工業 | E2: ='(新)ﾍﾞﾝﾀﾞｰ大型'!A3 -> TY60075008 | F2: =IFERROR(VLOOKUP(E2,'(新)ﾍﾞﾝﾀﾞｰ大型'!A3:K14,8,0),"") -> 0G3780 | G2: =IFERROR(VLOOKUP(E2,'(旧)ﾍﾞﾝﾀﾞｰ大型'!$A$3:$K30,10,0),"") -> 2026/08/18 | H2: ⇒ | I2: =IFERROR(VLOOKUP(E2,'(新)ﾍﾞﾝﾀﾞｰ大型'!$A$3:$K14,10,0),"") -> 2026/08/18
A3: 2 | B3: =IFERROR(VLOOKUP(E3,'(新)ﾍﾞﾝﾀﾞｰ大型'!$A$3:$K15,2,0),"") -> 10月 | C3: =IFERROR(VLOOKUP(E3,'(新)ﾍﾞﾝﾀﾞｰ大型'!$A$3:K15,4,0),"") -> HRB3503 | D3: =IFERROR(VLOOKUP(E3,'(新)ﾍﾞﾝﾀﾞｰ大型'!$A$3:K15,5,0),"") -> （株）ｅｘｃｅｌｌｅｎｔ | E3: ='(新)ﾍﾞﾝﾀﾞｰ大型'!A4 -> TY35035019 | F3: =IFERROR(VLOOKUP(E3,'(新)ﾍﾞﾝﾀﾞｰ大型'!A4:K15,8,0),"") -> 0G3591 | G3: =IFERROR(VLOOKUP(E3,'(旧)ﾍﾞﾝﾀﾞｰ大型'!$A$3:$K31,10,0),"") -> 2026/08/20 | H3: ⇒ | I3: =IFERROR(VLOOKUP(E3,'(新)ﾍﾞﾝﾀﾞｰ大型'!$A$3:$K15,10,0),"") -> 2026/08/20
A4: 3 | B4: =IFERROR(VLOOKUP(E4,'(新)ﾍﾞﾝﾀﾞｰ大型'!$A$3:$K16,2,0),"") -> 10月 | C4: =IFERROR(VLOOKUP(E4,'(新)ﾍﾞﾝﾀﾞｰ大型'!$A$3:K16,4,0),"") -> HRB3506EXP | D4: =IFERROR(VLOOKUP(E4,'(新)ﾍﾞﾝﾀﾞｰ大型'!$A$3:K16,5,0),"") -> 【TAIWAN】原榮 | E4: ='(新)ﾍﾞﾝﾀﾞｰ大型'!A5 -> TY35065012 | F4: =IFERROR(VLOOKUP(E4,'(新)ﾍﾞﾝﾀﾞｰ大型'!A5:K16,8,0),"") -> 0G3919 | G4: =IFERROR(VLOOKUP(E4,'(旧)ﾍﾞﾝﾀﾞｰ大型'!$A$3:$K32,10,0),"") -> 2026/08/26 | H4: ⇒ | I4: =IFERROR(VLOOKUP(E4,'(新)ﾍﾞﾝﾀﾞｰ大型'!$A$3:$K16,10,0),"") -> 2026/08/26
A5: 4 | B5: =IFERROR(VLOOKUP(E5,'(新)ﾍﾞﾝﾀﾞｰ大型'!$A$3:$K17,2,0),"") -> 10月 | C5: =IFERROR(VLOOKUP(E5,'(新)ﾍﾞﾝﾀﾞｰ大型'!$A$3:K17,4,0),"") -> HRB3503 | D5: =IFERROR(VLOOKUP(E5,'(新)ﾍﾞﾝﾀﾞｰ大型'!$A$3:K17,5,0),"") -> （株）アマダベンディングＳ部 | E5: ='(新)ﾍﾞﾝﾀﾞｰ大型'!A6 -> TY35035020 | F5: =IFERROR(VLOOKUP(E5,'(新)ﾍﾞﾝﾀﾞｰ大型'!A6:K17,8,0),"") -> 0D1410 | G5: =IFERROR(VLOOKUP(E5,'(旧)ﾍﾞﾝﾀﾞｰ大型'!$A$3:$K33,10,0),"") -> 2026/09/25 | H5: ⇒ | I5: =IFERROR(VLOOKUP(E5,'(新)ﾍﾞﾝﾀﾞｰ大型'!$A$3:$K17,10,0),"") -> 2026/09/25
A6: 5 | B6: =IFERROR(VLOOKUP(E6,'(新)ﾍﾞﾝﾀﾞｰ大型'!$A$3:$K18,2,0),"") -> 10月 | C6: =IFERROR(VLOOKUP(E6,'(新)ﾍﾞﾝﾀﾞｰ大型'!$A$3:K18,4,0),"") -> HRB6007 | D6: =IFERROR(VLOOKUP(E6,'(新)ﾍﾞﾝﾀﾞｰ大型'!$A$3:K18,5,0),"") -> 大丸鐵興（株） | E6: ='(新)ﾍﾞﾝﾀﾞｰ大型'!A7 -> TY60075006 | F6: =IFERROR(VLOOKUP(E6,'(新)ﾍﾞﾝﾀﾞｰ大型'!A7:K18,8,0),"") -> 0F8902 | G6: =IFERROR(VLOOKUP(E6,'(旧)ﾍﾞﾝﾀﾞｰ大型'!$A$3:$K34,10,0),"") -> 2026/10/13 | H6: ⇒ | I6: =IFERROR(VLOOKUP(E6,'(新)ﾍﾞﾝﾀﾞｰ大型'!$A$3:$K18,10,0),"") -> 2026/10/13
A7: 6 | B7: =IFERROR(VLOOKUP(E7,'(新)ﾍﾞﾝﾀﾞｰ大型'!$A$3:$K19,2,0),"") -> 11月 | C7: =IFERROR(VLOOKUP(E7,'(新)ﾍﾞﾝﾀﾞｰ大型'!$A$3:K19,4,0),"") -> HRB3506 | D7: =IFERROR(VLOOKUP(E7,'(新)ﾍﾞﾝﾀﾞｰ大型'!$A$3:K19,5,0),"") -> 墨東建材工業（株） | E7: ='(新)ﾍﾞﾝﾀﾞｰ大型'!A8 -> TY35065014 | F7: =IFERROR(VLOOKUP(E7,'(新)ﾍﾞﾝﾀﾞｰ大型'!A8:K19,8,0),"") -> 0D3185 | G7: =IFERROR(VLOOKUP(E7,'(旧)ﾍﾞﾝﾀﾞｰ大型'!$A$3:$K35,10,0),"") -> 2026/10/13 | H7: ⇒ | I7: =IFERROR(VLOOKUP(E7,'(新)ﾍﾞﾝﾀﾞｰ大型'!$A$3:$K19,10,0),"") -> 2026/10/21
A8: 7 | B8: =IFERROR(VLOOKUP(E8,'(新)ﾍﾞﾝﾀﾞｰ大型'!$A$3:$K20,2,0),"") -> 11月 | C8: =IFERROR(VLOOKUP(E8,'(新)ﾍﾞﾝﾀﾞｰ大型'!$A$3:K20,4,0),"") -> HRB3504 | D8: =IFERROR(VLOOKUP(E8,'(新)ﾍﾞﾝﾀﾞｰ大型'!$A$3:K20,5,0),"") -> （株）林シャーリング | E8: ='(新)ﾍﾞﾝﾀﾞｰ大型'!A9 -> TY35045032 | F8: =IFERROR(VLOOKUP(E8,'(新)ﾍﾞﾝﾀﾞｰ大型'!A9:K20,8,0),"") -> 0G5073 | G8: =IFERROR(VLOOKUP(E8,'(旧)ﾍﾞﾝﾀﾞｰ大型'!$A$3:$K36,10,0),"") -> 2026/11/10 | H8: ⇒ | I8: =IFERROR(VLOOKUP(E8,'(新)ﾍﾞﾝﾀﾞｰ大型'!$A$3:$K20,10,0),"") -> 2026/11/12
A9: 8 | B9: =IFERROR(VLOOKUP(E9,'(新)ﾍﾞﾝﾀﾞｰ大型'!$A$3:$K21,2,0),"") -> 12月 | C9: =IFERROR(VLOOKUP(E9,'(新)ﾍﾞﾝﾀﾞｰ大型'!$A$3:K21,4,0),"") -> HRB3506 | D9: =IFERROR(VLOOKUP(E9,'(新)ﾍﾞﾝﾀﾞｰ大型'!$A$3:K21,5,0),"") -> （株）ソーゴ | E9: ='(新)ﾍﾞﾝﾀﾞｰ大型'!A10 -> TY35065013 | F9: =IFERROR(VLOOKUP(E9,'(新)ﾍﾞﾝﾀﾞｰ大型'!A10:K21,8,0),"") -> 0G4304 | G9: =IFERROR(VLOOKUP(E9,'(旧)ﾍﾞﾝﾀﾞｰ大型'!$A$3:$K37,10,0),"") -> 2026/11/05 | H9: ⇒ | I9: =IFERROR(VLOOKUP(E9,'(新)ﾍﾞﾝﾀﾞｰ大型'!$A$3:$K21,10,0),"") -> 2026/11/05
A10: 9 | B10: =IFERROR(VLOOKUP(E10,'(新)ﾍﾞﾝﾀﾞｰ大型'!$A$3:$K22,2,0),"") -> 01月 | C10: =IFERROR(VLOOKUP(E10,'(新)ﾍﾞﾝﾀﾞｰ大型'!$A$3:K22,4,0),"") -> HRB3503 | D10: =IFERROR(VLOOKUP(E10,'(新)ﾍﾞﾝﾀﾞｰ大型'!$A$3:K22,5,0),"") -> 山崎金属工業（株） | E10: ='(新)ﾍﾞﾝﾀﾞｰ大型'!A11 -> TY35035021 | F10: =IFERROR(VLOOKUP(E10,'(新)ﾍﾞﾝﾀﾞｰ大型'!A10:K22,8,0),"") -> 0G4906 | G10: =IFERROR(VLOOKUP(E10,'(旧)ﾍﾞﾝﾀﾞｰ大型'!$A$3:$K38,10,0),"") -> 2027/01/14 | H10: ⇒ | I10: =IFERROR(VLOOKUP(E10,'(新)ﾍﾞﾝﾀﾞｰ大型'!$A$3:$K22,10,0),"") -> 2026/12/11
A11: 10 | B11: =IFERROR(VLOOKUP(E11,'(新)ﾍﾞﾝﾀﾞｰ大型'!$A$3:$K23,2,0),"") -> 01月 | C11: =IFERROR(VLOOKUP(E11,'(新)ﾍﾞﾝﾀﾞｰ大型'!$A$3:K23,4,0),"") -> HRB3504 | D11: =IFERROR(VLOOKUP(E11,'(新)ﾍﾞﾝﾀﾞｰ大型'!$A$3:K23,5,0),"") -> （株）イハラ | E11: ='(新)ﾍﾞﾝﾀﾞｰ大型'!A12 -> TY35045033 | F11: =IFERROR(VLOOKUP(E11,'(新)ﾍﾞﾝﾀﾞｰ大型'!A11:K23,8,0),"") -> 0G4497 | G11: =IFERROR(VLOOKUP(E11,'(旧)ﾍﾞﾝﾀﾞｰ大型'!$A$3:$K39,10,0),"") -> 2026/12/11 | H11: ⇒ | I11: =IFERROR(VLOOKUP(E11,'(新)ﾍﾞﾝﾀﾞｰ大型'!$A$3:$K23,10,0),"") -> 2026/12/18
A12: 11 | B12: =IFERROR(VLOOKUP(E12,'(新)ﾍﾞﾝﾀﾞｰ大型'!$A$3:$K24,2,0),"") -> 01月 | C12: =IFERROR(VLOOKUP(E12,'(新)ﾍﾞﾝﾀﾞｰ大型'!$A$3:K24,4,0),"") -> HRBC3504 | D12: =IFERROR(VLOOKUP(E12,'(新)ﾍﾞﾝﾀﾞｰ大型'!$A$3:K24,5,0),"") -> 【CHINA】Foxconn天津 | E12: ='(新)ﾍﾞﾝﾀﾞｰ大型'!A13 -> TY35045034 | F12: =IFERROR(VLOOKUP(E12,'(新)ﾍﾞﾝﾀﾞｰ大型'!A12:K24,8,0),"") -> 0G4759 | G12: =IFERROR(VLOOKUP(E12,'(旧)ﾍﾞﾝﾀﾞｰ大型'!$A$3:$K40,10,0),"") -> 2027/01/06 | H12: ⇒ | I12: =IFERROR(VLOOKUP(E12,'(新)ﾍﾞﾝﾀﾞｰ大型'!$A$3:$K24,10,0),"") -> 2026/12/25
A13: 12 | B13: =IFERROR(VLOOKUP(E13,'(新)ﾍﾞﾝﾀﾞｰ大型'!$A$3:$K25,2,0),"") -> 01月 | C13: =IFERROR(VLOOKUP(E13,'(新)ﾍﾞﾝﾀﾞｰ大型'!$A$3:K25,4,0),"") -> HRB3504 | D13: =IFERROR(VLOOKUP(E13,'(新)ﾍﾞﾝﾀﾞｰ大型'!$A$3:K25,5,0),"") -> 東洋シヤッター（株） | E13: ='(新)ﾍﾞﾝﾀﾞｰ大型'!A14 -> TY35045035 | F13: =IFERROR(VLOOKUP(E13,'(新)ﾍﾞﾝﾀﾞｰ大型'!A13:K25,8,0),"") -> 0D3733 | G13: =IFERROR(VLOOKUP(E13,'(旧)ﾍﾞﾝﾀﾞｰ大型'!$A$3:$K41,10,0),"") -> 2026/12/25 | H13: ⇒ | I13: =IFERROR(VLOOKUP(E13,'(新)ﾍﾞﾝﾀﾞｰ大型'!$A$3:$K25,10,0),"") -> 2027/01/15
A14: 13 | B14: =IFERROR(VLOOKUP(E14,'(新)ﾍﾞﾝﾀﾞｰ大型'!$A$3:$K26,2,0),"") -> 02月 | C14: =IFERROR(VLOOKUP(E14,'(新)ﾍﾞﾝﾀﾞｰ大型'!$A$3:K26,4,0),"") -> HRB3506 | D14: =IFERROR(VLOOKUP(E14,'(新)ﾍﾞﾝﾀﾞｰ大型'!$A$3:K26,5,0),"") -> パナソニック ＨＶＡＣ ＆ ＣＣシステム | E14: ='(新)ﾍﾞﾝﾀﾞｰ大型'!A15 -> TY35065015 | F14: =IFERROR(VLOOKUP(E14,'(新)ﾍﾞﾝﾀﾞｰ大型'!A14:K26,8,0),"") -> 0G5795 | G14: =IFERROR(VLOOKUP(E14,'(旧)ﾍﾞﾝﾀﾞｰ大型'!$A$3:$K42,10,0),"") -> 2027/01/05 | H14: ⇒ | I14: =IFERROR(VLOOKUP(E14,'(新)ﾍﾞﾝﾀﾞｰ大型'!$A$3:$K26,10,0),"") -> 2027/01/08
A15: 14 | B15: =IFERROR(VLOOKUP(E15,'(新)ﾍﾞﾝﾀﾞｰ大型'!$A$3:$K27,2,0),"") -> 02月 | C15: =IFERROR(VLOOKUP(E15,'(新)ﾍﾞﾝﾀﾞｰ大型'!$A$3:K27,4,0),"") -> HRB3504 | D15: =IFERROR(VLOOKUP(E15,'(新)ﾍﾞﾝﾀﾞｰ大型'!$A$3:K27,5,0),"") -> 東海シヤリング（株） | E15: ='(新)ﾍﾞﾝﾀﾞｰ大型'!A16 -> TY35045036 | F15: =IFERROR(VLOOKUP(E15,'(新)ﾍﾞﾝﾀﾞｰ大型'!A15:K27,8,0),"") -> 0D3733 | G15: =IFERROR(VLOOKUP(E15,'(旧)ﾍﾞﾝﾀﾞｰ大型'!$A$3:$K43,10,0),"") -> 2027/01/22 | H15: ⇒ | I15: =IFERROR(VLOOKUP(E15,'(新)ﾍﾞﾝﾀﾞｰ大型'!$A$3:$K27,10,0),"") -> 2027/01/26
A16: 15 | B16: =IFERROR(VLOOKUP(E16,'(新)ﾍﾞﾝﾀﾞｰ大型'!$A$3:$K28,2,0),"") -> 02月 | C16: =IFERROR(VLOOKUP(E16,'(新)ﾍﾞﾝﾀﾞｰ大型'!$A$3:K28,4,0),"") -> HRB3504 | D16: =IFERROR(VLOOKUP(E16,'(新)ﾍﾞﾝﾀﾞｰ大型'!$A$3:K28,5,0),"") -> （株）アムロン | E16: ='(新)ﾍﾞﾝﾀﾞｰ大型'!A17 -> TY35045037 | F16: =IFERROR(VLOOKUP(E16,'(新)ﾍﾞﾝﾀﾞｰ大型'!A16:K28,8,0),"") -> 0G5917 | G16: =IFERROR(VLOOKUP(E16,'(旧)ﾍﾞﾝﾀﾞｰ大型'!$A$3:$K44,10,0),"") -> 2027/02/09 | H16: ⇒ | I16: =IFERROR(VLOOKUP(E16,'(新)ﾍﾞﾝﾀﾞｰ大型'!$A$3:$K28,10,0),"") -> 2027/02/04
A17: 16 | B17: =IFERROR(VLOOKUP(E17,'(新)ﾍﾞﾝﾀﾞｰ大型'!$A$3:$K29,2,0),"") -> 03月 | C17: =IFERROR(VLOOKUP(E17,'(新)ﾍﾞﾝﾀﾞｰ大型'!$A$3:K29,4,0),"") -> HRB3504 | D17: =IFERROR(VLOOKUP(E17,'(新)ﾍﾞﾝﾀﾞｰ大型'!$A$3:K29,5,0),"") -> （有）マサカツ鋼材 | E17: ='(新)ﾍﾞﾝﾀﾞｰ大型'!A18 -> TY35045038 | F17: =IFERROR(VLOOKUP(E17,'(新)ﾍﾞﾝﾀﾞｰ大型'!A17:K29,8,0),"") -> 0D3733 | G17: =IFERROR(VLOOKUP(E17,'(旧)ﾍﾞﾝﾀﾞｰ大型'!$A$3:$K45,10,0),"") | H17: ⇒ | I17: =IFERROR(VLOOKUP(E17,'(新)ﾍﾞﾝﾀﾞｰ大型'!$A$3:$K29,10,0),"") -> 2027/02/13
A18: 17 | B18: =IFERROR(VLOOKUP(E18,'(新)ﾍﾞﾝﾀﾞｰ大型'!$A$3:$K30,2,0),"") -> 03月 | C18: =IFERROR(VLOOKUP(E18,'(新)ﾍﾞﾝﾀﾞｰ大型'!$A$3:K30,4,0),"") -> HRB3504 | D18: =IFERROR(VLOOKUP(E18,'(新)ﾍﾞﾝﾀﾞｰ大型'!$A$3:K30,5,0),"") -> （株）高橋鉄骨 | E18: ='(新)ﾍﾞﾝﾀﾞｰ大型'!A19 -> TY35045040 | F18: =IFERROR(VLOOKUP(E18,'(新)ﾍﾞﾝﾀﾞｰ大型'!A18:K30,8,0),"") -> 0D3733 | G18: =IFERROR(VLOOKUP(E18,'(旧)ﾍﾞﾝﾀﾞｰ大型'!$A$3:$K46,10,0),"") | H18: ⇒ | I18: =IFERROR(VLOOKUP(E18,'(新)ﾍﾞﾝﾀﾞｰ大型'!$A$3:$K30,10,0),"") -> 2027/02/24
A19: 18 | B19: =IFERROR(VLOOKUP(E19,'(新)ﾍﾞﾝﾀﾞｰ大型'!$A$3:$K31,2,0),"") -> 03月 | C19: =IFERROR(VLOOKUP(E19,'(新)ﾍﾞﾝﾀﾞｰ大型'!$A$3:K31,4,0),"") -> HRB3503 | D19: =IFERROR(VLOOKUP(E19,'(新)ﾍﾞﾝﾀﾞｰ大型'!$A$3:K31,5,0),"") -> （株）広島メタルワーク | E19: ='(新)ﾍﾞﾝﾀﾞｰ大型'!A20 -> TY35035022 | F19: =IFERROR(VLOOKUP(E19,'(新)ﾍﾞﾝﾀﾞｰ大型'!A19:K31,8,0),"") -> 0D1410 | G19: =IFERROR(VLOOKUP(E19,'(旧)ﾍﾞﾝﾀﾞｰ大型'!$A$3:$K47,10,0),"") | H19: ⇒ | I19: =IFERROR(VLOOKUP(E19,'(新)ﾍﾞﾝﾀﾞｰ大型'!$A$3:$K31,10,0),"") -> 2027/03/04
A20: 19 | B20: =IFERROR(VLOOKUP(E20,'(新)ﾍﾞﾝﾀﾞｰ大型'!$A$3:$K32,2,0),"") | C20: =IFERROR(VLOOKUP(E20,'(新)ﾍﾞﾝﾀﾞｰ大型'!$A$3:K32,4,0),"") | D20: =IFERROR(VLOOKUP(E20,'(新)ﾍﾞﾝﾀﾞｰ大型'!$A$3:K32,5,0),"") | E20: ='(新)ﾍﾞﾝﾀﾞｰ大型'!A21 -> 0 | F20: =IFERROR(VLOOKUP(E20,'(新)ﾍﾞﾝﾀﾞｰ大型'!A20:K32,8,0),"") | G20: =IFERROR(VLOOKUP(E20,'(旧)ﾍﾞﾝﾀﾞｰ大型'!$A$3:$K48,10,0),"") | H20: ⇒ | I20: =IFERROR(VLOOKUP(E20,'(新)ﾍﾞﾝﾀﾞｰ大型'!$A$3:$K32,10,0),"")
A21: 20 | B21: =IFERROR(VLOOKUP(E21,'(新)ﾍﾞﾝﾀﾞｰ大型'!$A$3:$K33,2,0),"") | C21: =IFERROR(VLOOKUP(E21,'(新)ﾍﾞﾝﾀﾞｰ大型'!$A$3:K33,4,0),"") | D21: =IFERROR(VLOOKUP(E21,'(新)ﾍﾞﾝﾀﾞｰ大型'!$A$3:K33,5,0),"") | E21: ='(新)ﾍﾞﾝﾀﾞｰ大型'!A22 -> 0 | F21: =IFERROR(VLOOKUP(E21,'(新)ﾍﾞﾝﾀﾞｰ大型'!A21:K33,8,0),"") | G21: =IFERROR(VLOOKUP(E21,'(旧)ﾍﾞﾝﾀﾞｰ大型'!$A$3:$K49,10,0),"") | H21: ⇒ | I21: =IFERROR(VLOOKUP(E21,'(新)ﾍﾞﾝﾀﾞｰ大型'!$A$3:$K33,10,0),"")
... A25: 24 | B25: =IFERROR(VLOOKUP(E25,'(新)ﾍﾞﾝﾀﾞｰ大型'!$A$3:$K37,2,0),"") | C25: =IFERROR(VLOOKUP(E25,'(新)ﾍﾞﾝﾀﾞｰ大型'!$A$3:K37,4,0),"") | D25: =IFERROR(VLOOKUP(E25,'(新)ﾍﾞﾝﾀﾞｰ大型'!$A$3:K37,5,0),"") | E25: ='(新)ﾍﾞﾝﾀﾞｰ大型'!A26 -> 0 | F25: =IFERROR(VLOOKUP(E25,'(新)ﾍﾞﾝﾀﾞｰ大型'!A25:K37,8,0),"") | G25: =IFERROR(VLOOKUP(E25,'(旧)ﾍﾞﾝﾀﾞｰ大型'!$A$3:$K53,10,0),"") | H25: ⇒ | I25: =IFERROR(VLOOKUP(E25,'(新)ﾍﾞﾝﾀﾞｰ大型'!$A$3:$K37,10,0),"")
A26: 25 | B26: =IFERROR(VLOOKUP(E26,'(新)ﾍﾞﾝﾀﾞｰ大型'!$A$3:$K38,2,0),"") | C26: =IFERROR(VLOOKUP(E26,'(新)ﾍﾞﾝﾀﾞｰ大型'!$A$3:K38,4,0),"") | D26: =IFERROR(VLOOKUP(E26,'(新)ﾍﾞﾝﾀﾞｰ大型'!$A$3:K38,5,0),"") | E26: ='(新)ﾍﾞﾝﾀﾞｰ大型'!A26 -> 0 | F26: =IFERROR(VLOOKUP(E26,'(新)ﾍﾞﾝﾀﾞｰ大型'!A26:K38,8,0),"") | G26: =IFERROR(VLOOKUP(E26,'(旧)ﾍﾞﾝﾀﾞｰ大型'!$A$3:$K54,10,0),"") | H26: ⇒ | I26: =IFERROR(VLOOKUP(E26,'(新)ﾍﾞﾝﾀﾞｰ大型'!$A$3:$K38,10,0),"")
A27: 26 | B27: =IFERROR(VLOOKUP(E27,'(新)ﾍﾞﾝﾀﾞｰ大型'!$A$3:$K39,2,0),"") | C27: =IFERROR(VLOOKUP(E27,'(新)ﾍﾞﾝﾀﾞｰ大型'!$A$3:K39,4,0),"") | D27: =IFERROR(VLOOKUP(E27,'(新)ﾍﾞﾝﾀﾞｰ大型'!$A$3:K39,5,0),"") | E27: ='(新)ﾍﾞﾝﾀﾞｰ大型'!A27 -> 0 | F27: =IFERROR(VLOOKUP(E27,'(新)ﾍﾞﾝﾀﾞｰ大型'!A27:K39,8,0),"") | G27: =IFERROR(VLOOKUP(E27,'(旧)ﾍﾞﾝﾀﾞｰ大型'!$A$3:$K55,10,0),"") | H27: ⇒ | I27: =IFERROR(VLOOKUP(E27,'(新)ﾍﾞﾝﾀﾞｰ大型'!$A$3:$K39,10,0),"")
A28: 27 | B28: =IFERROR(VLOOKUP(E28,'(新)ﾍﾞﾝﾀﾞｰ大型'!$A$3:$K40,2,0),"") | C28: =IFERROR(VLOOKUP(E28,'(新)ﾍﾞﾝﾀﾞｰ大型'!$A$3:K40,4,0),"") | D28: =IFERROR(VLOOKUP(E28,'(新)ﾍﾞﾝﾀﾞｰ大型'!$A$3:K40,5,0),"") | E28: ='(新)ﾍﾞﾝﾀﾞｰ大型'!A28 -> 0 | F28: =IFERROR(VLOOKUP(E28,'(新)ﾍﾞﾝﾀﾞｰ大型'!A28:K40,8,0),"") | G28: =IFERROR(VLOOKUP(E28,'(旧)ﾍﾞﾝﾀﾞｰ大型'!$A$3:$K56,10,0),"") | H28: ⇒ | I28: =IFERROR(VLOOKUP(E28,'(新)ﾍﾞﾝﾀﾞｰ大型'!$A$3:$K40,10,0),"")
A29: 28 | B29: =IFERROR(VLOOKUP(E29,'(新)ﾍﾞﾝﾀﾞｰ大型'!$A$3:$K41,2,0),"") | C29: =IFERROR(VLOOKUP(E29,'(新)ﾍﾞﾝﾀﾞｰ大型'!$A$3:K41,4,0),"") | D29: =IFERROR(VLOOKUP(E29,'(新)ﾍﾞﾝﾀﾞｰ大型'!$A$3:K41,5,0),"") | E29: ='(新)ﾍﾞﾝﾀﾞｰ大型'!A29 -> 0 | F29: =IFERROR(VLOOKUP(E29,'(新)ﾍﾞﾝﾀﾞｰ大型'!A29:K41,8,0),"") | G29: =IFERROR(VLOOKUP(E29,'(旧)ﾍﾞﾝﾀﾞｰ大型'!$A$3:$K57,10,0),"") | H29: ⇒ | I29: =IFERROR(VLOOKUP(E29,'(新)ﾍﾞﾝﾀﾞｰ大型'!$A$3:$K41,10,0),"")
A30: 29 | B30: =IFERROR(VLOOKUP(E30,'(新)ﾍﾞﾝﾀﾞｰ大型'!$A$3:$K42,2,0),"") | C30: =IFERROR(VLOOKUP(E30,'(新)ﾍﾞﾝﾀﾞｰ大型'!$A$3:K42,4,0),"") | D30: =IFERROR(VLOOKUP(E30,'(新)ﾍﾞﾝﾀﾞｰ大型'!$A$3:K42,5,0),"") | E30: ='(新)ﾍﾞﾝﾀﾞｰ大型'!A30 -> 0 | F30: =IFERROR(VLOOKUP(E30,'(新)ﾍﾞﾝﾀﾞｰ大型'!A30:K42,8,0),"") | G30: =IFERROR(VLOOKUP(E30,'(旧)ﾍﾞﾝﾀﾞｰ大型'!$A$3:$K58,10,0),"") | H30: ⇒ | I30: =IFERROR(VLOOKUP(E30,'(新)ﾍﾞﾝﾀﾞｰ大型'!$A$3:$K42,10,0),"")
A31: 30 | B31: =IFERROR(VLOOKUP(E31,'(新)ﾍﾞﾝﾀﾞｰ大型'!$A$3:$K43,2,0),"") | C31: =IFERROR(VLOOKUP(E31,'(新)ﾍﾞﾝﾀﾞｰ大型'!$A$3:K43,4,0),"") | D31: =IFERROR(VLOOKUP(E31,'(新)ﾍﾞﾝﾀﾞｰ大型'!$A$3:K43,5,0),"") | E31: ='(新)ﾍﾞﾝﾀﾞｰ大型'!A31 -> 0 | F31: =IFERROR(VLOOKUP(E31,'(新)ﾍﾞﾝﾀﾞｰ大型'!A31:K43,8,0),"") | G31: =IFERROR(VLOOKUP(E31,'(旧)ﾍﾞﾝﾀﾞｰ大型'!$A$3:$K59,10,0),"") | H31: ⇒ | I31: =IFERROR(VLOOKUP(E31,'(新)ﾍﾞﾝﾀﾞｰ大型'!$A$3:$K43,10,0),"")
A32: 31 | B32: =IFERROR(VLOOKUP(E32,'(新)ﾍﾞﾝﾀﾞｰ大型'!$A$3:$K44,2,0),"") | C32: =IFERROR(VLOOKUP(E32,'(新)ﾍﾞﾝﾀﾞｰ大型'!$A$3:K44,4,0),"") | D32: =IFERROR(VLOOKUP(E32,'(新)ﾍﾞﾝﾀﾞｰ大型'!$A$3:K44,5,0),"") | E32: ='(新)ﾍﾞﾝﾀﾞｰ大型'!A32 -> 0 | F32: =IFERROR(VLOOKUP(E32,'(新)ﾍﾞﾝﾀﾞｰ大型'!A32:K44,8,0),"") | G32: =IFERROR(VLOOKUP(E32,'(旧)ﾍﾞﾝﾀﾞｰ大型'!$A$3:$K60,10,0),"") | H32: ⇒ | I32: =IFERROR(VLOOKUP(E32,'(新)ﾍﾞﾝﾀﾞｰ大型'!$A$3:$K44,10,0),"")
A33: 32 | B33: =IFERROR(VLOOKUP(E33,'(新)ﾍﾞﾝﾀﾞｰ大型'!$A$3:$K45,2,0),"") | C33: =IFERROR(VLOOKUP(E33,'(新)ﾍﾞﾝﾀﾞｰ大型'!$A$3:K45,4,0),"") | D33: =IFERROR(VLOOKUP(E33,'(新)ﾍﾞﾝﾀﾞｰ大型'!$A$3:K45,5,0),"") | E33: ='(新)ﾍﾞﾝﾀﾞｰ大型'!A33 -> 0 | F33: =IFERROR(VLOOKUP(E33,'(新)ﾍﾞﾝﾀﾞｰ大型'!A33:K45,8,0),"") | G33: =IFERROR(VLOOKUP(E33,'(旧)ﾍﾞﾝﾀﾞｰ大型'!$A$3:$K61,10,0),"") | H33: ⇒ | I33: =IFERROR(VLOOKUP(E33,'(新)ﾍﾞﾝﾀﾞｰ大型'!$A$3:$K45,10,0),"")
A34: 33 | B34: =IFERROR(VLOOKUP(E34,'(新)ﾍﾞﾝﾀﾞｰ大型'!$A$3:$K46,2,0),"") | C34: =IFERROR(VLOOKUP(E34,'(新)ﾍﾞﾝﾀﾞｰ大型'!$A$3:K46,4,0),"") | D34: =IFERROR(VLOOKUP(E34,'(新)ﾍﾞﾝﾀﾞｰ大型'!$A$3:K46,5,0),"") | E34: ='(新)ﾍﾞﾝﾀﾞｰ大型'!A34 -> 0 | F34: =IFERROR(VLOOKUP(E34,'(新)ﾍﾞﾝﾀﾞｰ大型'!A34:K46,8,0),"") | G34: =IFERROR(VLOOKUP(E34,'(旧)ﾍﾞﾝﾀﾞｰ大型'!$A$3:$K62,10,0),"") | H34: ⇒ | I34: =IFERROR(VLOOKUP(E34,'(新)ﾍﾞﾝﾀﾞｰ大型'!$A$3:$K46,10,0),"")
A35: 34 | B35: =IFERROR(VLOOKUP(E35,'(新)ﾍﾞﾝﾀﾞｰ大型'!$A$3:$K47,2,0),"") | C35: =IFERROR(VLOOKUP(E35,'(新)ﾍﾞﾝﾀﾞｰ大型'!$A$3:K47,4,0),"") | D35: =IFERROR(VLOOKUP(E35,'(新)ﾍﾞﾝﾀﾞｰ大型'!$A$3:K47,5,0),"") | E35: ='(新)ﾍﾞﾝﾀﾞｰ大型'!A35 -> 0 | F35: =IFERROR(VLOOKUP(E35,'(新)ﾍﾞﾝﾀﾞｰ大型'!A35:K47,8,0),"") | G35: =IFERROR(VLOOKUP(E35,'(旧)ﾍﾞﾝﾀﾞｰ大型'!$A$3:$K63,10,0),"") | H35: ⇒ | I35: =IFERROR(VLOOKUP(E35,'(新)ﾍﾞﾝﾀﾞｰ大型'!$A$3:$K47,10,0),"")
A36: 35 | B36: =IFERROR(VLOOKUP(E36,'(新)ﾍﾞﾝﾀﾞｰ大型'!$A$3:$K48,2,0),"") | C36: =IFERROR(VLOOKUP(E36,'(新)ﾍﾞﾝﾀﾞｰ大型'!$A$3:K48,4,0),"") | D36: =IFERROR(VLOOKUP(E36,'(新)ﾍﾞﾝﾀﾞｰ大型'!$A$3:K48,5,0),"") | E36: ='(新)ﾍﾞﾝﾀﾞｰ大型'!A36 -> 0 | F36: =IFERROR(VLOOKUP(E36,'(新)ﾍﾞﾝﾀﾞｰ大型'!A36:K48,8,0),"") | G36: =IFERROR(VLOOKUP(E36,'(旧)ﾍﾞﾝﾀﾞｰ大型'!$A$3:$K64,10,0),"") | H36: ⇒ | I36: =IFERROR(VLOOKUP(E36,'(新)ﾍﾞﾝﾀﾞｰ大型'!$A$3:$K48,10,0),"")
A37: 36 | B37: =IFERROR(VLOOKUP(E37,'(新)ﾍﾞﾝﾀﾞｰ大型'!$A$3:$K49,2,0),"") | C37: =IFERROR(VLOOKUP(E37,'(新)ﾍﾞﾝﾀﾞｰ大型'!$A$3:K49,4,0),"") | D37: =IFERROR(VLOOKUP(E37,'(新)ﾍﾞﾝﾀﾞｰ大型'!$A$3:K49,5,0),"") | E37: ='(新)ﾍﾞﾝﾀﾞｰ大型'!A37 -> 0 | F37: =IFERROR(VLOOKUP(E37,'(新)ﾍﾞﾝﾀﾞｰ大型'!A37:K49,8,0),"") | G37: =IFERROR(VLOOKUP(E37,'(旧)ﾍﾞﾝﾀﾞｰ大型'!$A$3:$K65,10,0),"") | H37: ⇒ | I37: =IFERROR(VLOOKUP(E37,'(新)ﾍﾞﾝﾀﾞｰ大型'!$A$3:$K49,10,0),"")
... A116: 115 | B116: =IFERROR(VLOOKUP(E116,'(新)ﾍﾞﾝﾀﾞｰ大型'!$A$3:$K128,2,0),"") | C116: =IFERROR(VLOOKUP(E116,'(新)ﾍﾞﾝﾀﾞｰ大型'!$A$3:K128,4,0),"") | D116: =IFERROR(VLOOKUP(E116,'(新)ﾍﾞﾝﾀﾞｰ大型'!$A$3:K128,5,0),"") | E116: ='(新)ﾍﾞﾝﾀﾞｰ大型'!A116 -> 0 | F116: =IFERROR(VLOOKUP(E116,'(新)ﾍﾞﾝﾀﾞｰ大型'!A116:K128,8,0),"") | G116: =IFERROR(VLOOKUP(E116,'(旧)ﾍﾞﾝﾀﾞｰ大型'!$A$3:$K144,10,0),"") | H116: ⇒ | I116: =IFERROR(VLOOKUP(E116,'(新)ﾍﾞﾝﾀﾞｰ大型'!$A$3:$K128,10,0),"")

Sheet (旧)ASTRO
A1: Ｓｅｒ． | B1: 生産月 | C1: Ｎｏ． | D1: 機種名 | E1: 顧客 | F1: 仕様機種名 | G1: 仕様分類 | H1: 機種品番 | I1: 確定仕様書NO | J1: 着手日 | K1: 完成予定日
A3: 10209993 | B3: 09月 | C3: 001 | D3: EGBRBT020E | G3: STD | H3: 0F4948 | J3: 2026/03/05 | K3: 2026/03/27
A4: TS10100102 | B4: 09月 | C4: 002 | D4: EGBRBT010E | E4: （株）山陽工作所 | F4: EGBRBT010E-J | G4: STD | H4: 0D9357 | I4: EGBR106 | J4: 2026/07/31 | K4: 2026/08/28
A5: 10200056 | B5: 09月 | C5: 003 | D5: EGBRBT020E.EXP | E5: ＡＭＡＤＡ ＡＭＥＲＩＣＡ ＩＮＣ． | F5: EGBRBT020E-E | G5: STD | H5: 0E2861 | I5: BDA1314 | J5: 2026/08/18 | K5: 2026/09/08
A6: TS10100099 | B6: 09月 | C6: 004 | D6: EGBRBT010E | E6: （株）廣澤精機製作所 | F6: EGBRBT010E-J | G6: STD | H6: 0D9357 | I6: EGBR099 | J6: 2026/08/28 | K6: 2026/09/19
A7: 00800071 | B7: 09月 | C7: 005 | D7: HGROBOT080 | E7: （株）徹工業 | F7: HGROBOT080-J | G7: STD | H7: 0G3557 | I7: ARm071 | J7: 2026/08/29 | K7: 2026/09/26
A8: TS10100100 | B8: 09月 | C8: 006 | D8: EGBRBT010E | E8: （株）廣澤精機製作所 | F8: EGBRBT010E-J | G8: STD | H8: 0D9357 | I8: EGBR100 | J8: 2026/09/04 | K8: 2026/09/30
A9: AP23251002 | B9: 10月 | C9: 001 | D9: TBR2500 | E9: （株）アマダベンディング自動化ＰＪ | F9: TBR2500-J | G9: STD | H9: 0G3511 | J9: 2026/08/22 | K9: 2026/10/20
A10: TS10100107 | B10: 10月 | C10: 002 | D10: EGBRBT010E | E10: 藤原金属（株） | F10: EGBRBT010E-J | G10: STD | H10: 0F3049 | I10: EGBR101 | J10: 2026/09/03 | K10: 2026/09/25
A11: TS10100113 | B11: 10月 | C11: 003 | D11: EGBRBT010E_EXP | E11: CHINA | F11: EGBRBT010E-E | G11: STD | H11: 0E0421 | I11: CN0483 | J11: 2026/09/08 | K11: 2026/09/30
A12: TS10100106 | B12: 10月 | C12: 004 | D12: EGBRBT010E | E12: （株）アマダベンディング自動化ＰＪ | F12: EGBRBT010E-J | G12: STD | H12: 0D9357 | J12: 2026/09/12 | K12: 2026/10/03
A13: TS10100111 | B13: 10月 | C13: 005 | D13: EGBRBT010E | E13: 大和テック（株） | F13: EGBRBT010E-J | G13: STD | H13: 0G3870 | I13: EGBR102 | J13: 2026/09/17 | K13: 2026/10/08
A14: 00800070 | B14: 10月 | C14: 006 | D14: HGROBOT080.EXP | E14: 【ブラジル】PERTO | F14: HGROBOT080-E | G14: STD | H14: 0G4022 | I14: BDH0537 | J14: 2026/09/18 | K14: 2026/10/13
A15: TS10100112 | B15: 10月 | C15: 007 | D15: EGBRBT010E_EXP | E15: ＡＭＡＤＡ ＡＭＥＲＩＣＡ ＩＮＣ． | F15: EGBRBT010E-E | G15: STD | H15: 0E0421 | I15: BDA1333 | J15: 2026/09/24 | K15: 2026/10/13
A16: 10200057 | B16: 10月 | C16: 008 | D16: EGBRBT020E.EXP | E16: 【TAIWAN】展示機 | F16: EGBRBT020E-E | G16: STD | H16: 0E2861 | I16: TW0511 | J16: 2026/10/06 | K16: 2026/10/24
A17: TS10100115 | B17: 11月 | C17: 001 | D17: EGBRBT010E | E17: （株）アマダベンディング自動化ＰＪ | F17: EGBRBT010E-J | G17: STD | H17: 0D9357 | J17: 2026/09/29 | K17: 2026/10/16
A18: TS10100114 | B18: 11月 | C18: 002 | D18: EGBRBT010E | E18: （株）秋田マシナリー | F18: EGBRBT010E-J | G18: STD | H18: 0D9357 | I18: EGBR114 | J18: 2026/10/02 | K18: 2026/10/22
A19: TS10100108 | B19: 11月 | C19: 003 | D19: EGBRBT010E | E19: （株）山本製作所 | F19: EGBRBT010E-J | G19: STD | H19: 0D9357 | I19: EGBR108 | J19: 2026/10/07 | K19: 2026/10/27
A20: TS10100117 | B20: 11月 | C20: 004 | D20: EGBRBT010E_EXP | E20: 【ベトナム】Tanaka Vietnam Co., Ltd | F20: EGBRBT010E-E | G20: STD | H20: 0E0421 | I20: ASB0914 | J20: 2026/10/10 | K20: 2026/10/30
A21: TS10100116 | B21: 11月 | C21: 005 | D21: EGBRBT010E_EXP | E21: ＡＭＡＤＡ ＡＭＥＲＩＣＡ ＩＮＣ． | F21: EGBRBT010E-E | G21: STD | H21: 0E0421 | I21: BDA1358 | J21: 2026/10/15 | K21: 2026/11/05
A22: TS10100118 | B22: 11月 | C22: 006 | D22: EGBRBT010E_EXP | E22: ＡＭＡＤＡ ＡＭＥＲＩＣＡ ＩＮＣ． | F22: EGBRBT010E-E | G22: STD | H22: 0E0421 | I22: BDA1359 | J22: 2026/10/21 | K22: 2026/11/09
A23: 10200058 | B23: 11月 | C23: 007 | D23: EGBRBT020E.EXP | E23: ＡＭＡＤＡ ＡＭＥＲＩＣＡ ＩＮＣ． | F23: EGBRBT020E-E | G23: STD | H23: 0E2861 | I23: BDA1357 | J23: 2026/10/27 | K23: 2026/11/13
B24: 11月 | C24: 008 | D24: EGBRBT080E | G24: STD | H24: 0G3682 | J24: 2026/11/01 | K24: 2026/11/01
A25: 00800072 | B25: 11月 | C25: 009 | D25: HGROBOT080 | E25: （株）徹工業 | F25: HGROBOT080-J | G25: STD | H25: 0G3557 | I25: ARm072 | J25: 2026/11/04 | K25: 2026/11/24
A26: AP23251003 | B26: 12月 | C26: 001 | D26: TBR2500 | E26: （株）アマダベンディング自動化ＰＪ | F26: TBR2500-J | G26: STD | H26: 0G3511 | J26: 2026/10/29 | K26: 2026/12/19
A27: TS10100109 | B27: 12月 | C27: 002 | D27: EGBRBT010E | E27: （株）エスイージー | F27: EGBRBT010E-J | G27: STD | H27: 0D9357 | I27: EGBR109 | J27: 2026/11/14 | K27: 2026/12/03
A28: TS10100119 | B28: 12月 | C28: 003 | D28: EGBRBT010E | E28: （株）新生工業 | F28: EGBRBT010E-J | G28: STD | H28: 0D9357 | I28: EGBR119 | J28: 2026/11/21 | K28: 2026/12/10
A29: 10200060 | B29: 12月 | C29: 004 | D29: EGBRBT020E | E29: （株）ヤマイチ | F29: EGBRBT020E-J | G29: STD | H29: 0E0422 | I29: ARE060 | J29: 2026/11/24 | K29: 2026/12/11
A30: TS10100120 | B30: 12月 | C30: 005 | D30: EGBRBT010E | E30: （株）ＳＡＮＭＡＴＳＵ | F30: EGBRBT010E-J | G30: STD | H30: 0D9357 | I30: EGBR123 | J30: 2026/11/28 | K30: 2026/12/17
A31: TS10100121 | B31: 12月 | C31: 006 | D31: EGBRBT010E_EXP | E31: CHINA | F31: EGBRBT010E-E | G31: STD | H31: 0E0421 | I31: CN0509 | J31: 2026/11/28 | K31: 2026/12/17
A32: 10200059 | B32: 12月 | C32: 007 | D32: EGBRBT020E.EXP | E32: ＡＭＡＤＡ ＡＭＥＲＩＣＡ ＩＮＣ． | F32: EGBRBT020E-E | G32: STD | H32: 0E2861 | I32: BDA1383 | J32: 2026/12/01 | K32: 2026/12/18
A33: TS10100122 | B33: 12月 | C33: 008 | D33: EGBRBT010E_EXP | E33: ＡＭＡＤＡ ＣＡＮＡＤＡ ＬＴＤ． | F33: EGBRBT010E-E | G33: STD | H33: 0E0421 | I33: BDA1387 | J33: 2026/12/04 | K33: 2026/12/23
A34: 10200063 | B34: 01月 | C34: 001 | D34: EGBRBT020E | E34: 太洋工業（株） | F34: EGBRBT020E-J | G34: STD | H34: 0E0422 | I34: ARE063 | J34: 2026/12/08 | K34: 2027/01/05
A35: 10200061 | B35: 01月 | C35: 002 | D35: EGBRBT020E.EXP | E35: 【CHINA】昆山栄科 | F35: EGBRBT020E-E | G35: STD | H35: 0E2861 | I35: CN0537 | J35: 2026/12/22 | K35: 2027/01/19
A36: 10200062 | B36: 01月 | C36: 003 | D36: EGBRBT020E.EXP | E36: 【CHINA】蘇州鉄拓机械 | F36: EGBRBT020E-E | G36: STD | H36: 0E2861 | I36: CN0538 | J36: 2027/01/09 | K36: 2027/01/30
A37: 10200064 | B37: 02月 | C37: 001 | D37: EGBRBT020E | F37: EGBRBT020E-J | G37: STD | H37: 0E0422 | J37: 2027/01/12 | K37: 2027/02/02
A38: 10200065 | B38: 02月 | C38: 002 | D38: EGBRBT020E | E38: （株）アスカ | F38: EGBRBT020E-J | G38: STD | H38: 0E0422 | I38: ARE065 | J38: 2027/01/23 | K38: 2027/02/16
A39: 10200066 | B39: 02月 | C39: 003 | D39: EGBRBT020E.EXP | E39: アマダアメリカ | F39: EGBRBT020E-E | G39: STD | H39: 0E2861 | J39: 2027/02/04 | K39: 2027/02/27

Sheet (新)ASTRO
A1: Ｓｅｒ． | B1: 生産月 | C1: Ｎｏ． | D1: 機種名 | E1: 顧客 | F1: 仕様機種名 | G1: 仕様分類 | H1: 機種品番 | I1: 確定仕様書NO | J1: 着手日 | K1: 完成予定日
A3: TS10100102 | B3: 10月 | C3: 001 | D3: EGBRBT010E | E3: （株）山陽工作所 | F3: EGBRBT010E-J | G3: STD | H3: 0D9357 | I3: EGBR106 | J3: 2026/07/31 | K3: 2026/08/28
A4: AP23251002 | B4: 10月 | C4: 002 | D4: TBR2500 | E4: （株）アマダベンディング自動化ＰＪ | F4: TBR2500-J | G4: STD | H4: 0G3511 | J4: 2026/08/22 | K4: 2026/10/20
A5: TS10100107 | B5: 10月 | C5: 003 | D5: EGBRBT010E | E5: 大和テック（株） | F5: EGBRBT010E-J | G5: STD | H5: 0D9357 | I5: EGBR102 | J5: 2026/09/03 | K5: 2026/09/25
A6: TS10100113 | B6: 10月 | C6: 004 | D6: EGBRBT010E_EXP | E6: CHINA | F6: EGBRBT010E-E | G6: STD | H6: 0E0421 | I6: CN0483 | J6: 2026/09/08 | K6: 2026/09/30
A7: TS10100106 | B7: 10月 | C7: 005 | D7: EGBRBT010E | E7: （株）アマダベンディング自動化ＰＪ | F7: EGBRBT010E-J | G7: STD | H7: 0D9357 | J7: 2026/09/12 | K7: 2026/10/03
A8: TS10100111 | B8: 10月 | C8: 006 | D8: EGBRBT010E | E8: （株）山一金属製作所 | F8: EGBRBT010E-J | G8: STD | H8: 0G3870 | I8: EGBR094 | J8: 2026/09/17 | K8: 2026/10/08
A9: 00800070 | B9: 10月 | C9: 007 | D9: HGROBOT080.EXP | E9: 【ブラジル】PERTO | F9: HGROBOT080-E | G9: STD | H9: 0G4022 | I9: BDH0537 | J9: 2026/09/18 | K9: 2026/10/13
A10: TS10100112 | B10: 10月 | C10: 008 | D10: EGBRBT010E_EXP | E10: ＡＭＡＤＡ ＡＭＥＲＩＣＡ ＩＮＣ． | F10: EGBRBT010E-E | G10: STD | H10: 0E0421 | I10: BDA1333 | J10: 2026/09/24 | K10: 2026/10/13
A11: 10209993 | B11: 10月 | C11: 009 | D11: EGBRBT020E | G11: STD | H11: 0F4948 | J11: 2026/10/06 | K11: 2026/10/24
A12: 10200057 | B12: 10月 | C12: 010 | D12: EGBRBT020E.EXP | E12: 【TAIWAN】展示機 | F12: EGBRBT020E-E | G12: STD | H12: 0E2861 | I12: TW0511 | J12: 2026/10/06 | K12: 2026/10/24
A13: TS10100115 | B13: 11月 | C13: 001 | D13: EGBRBT010E | E13: 楠田金属（株） | F13: EGBRBT010E-J | G13: STD | H13: 0D9357 | I13: EGBR115 | J13: 2026/09/29 | K13: 2026/10/16
A14: TS10100114 | B14: 11月 | C14: 002 | D14: EGBRBT010E | E14: （株）秋田マシナリー | F14: EGBRBT010E-J | G14: STD | H14: 0D9357 | I14: EGBR114 | J14: 2026/10/02 | K14: 2026/10/22
A15: TS10100108 | B15: 11月 | C15: 003 | D15: EGBRBT010E | E15: （株）山本製作所 | F15: EGBRBT010E-J | G15: STD | H15: 0D9357 | I15: EGBR108 | J15: 2026/10/07 | K15: 2026/10/27
A16: TS10100117 | B16: 11月 | C16: 004 | D16: EGBRBT010E_EXP | E16: 【ベトナム】Tanaka Vietnam Co., Ltd | F16: EGBRBT010E-E | G16: STD | H16: 0E0421 | I16: ASB0914 | J16: 2026/10/10 | K16: 2026/10/30
A17: TS10100116 | B17: 11月 | C17: 005 | D17: EGBRBT010E_EXP | E17: ＡＭＡＤＡ ＡＭＥＲＩＣＡ ＩＮＣ． | F17: EGBRBT010E-E | G17: STD | H17: 0E0421 | I17: BDA1358 | J17: 2026/10/15 | K17: 2026/11/05
A18: TS10100118 | B18: 11月 | C18: 006 | D18: EGBRBT010E_EXP | E18: ＡＭＡＤＡ ＡＭＥＲＩＣＡ ＩＮＣ． | F18: EGBRBT010E-E | G18: STD | H18: 0E0421 | I18: BDA1359 | J18: 2026/10/21 | K18: 2026/11/09
A19: 10200058 | B19: 11月 | C19: 007 | D19: EGBRBT020E.EXP | E19: ＡＭＡＤＡ ＡＭＥＲＩＣＡ ＩＮＣ． | F19: EGBRBT020E-E | G19: STD | H19: 0E2861 | I19: BDA1357 | J19: 2026/10/27 | K19: 2026/11/13
A20: 00800072 | B20: 11月 | C20: 008 | D20: HGROBOT080 | E20: （株）徹工業 | F20: HGROBOT080-J | G20: STD | H20: 0G3557 | I20: ARm072 | J20: 2026/11/04 | K20: 2026/11/24
A21: AP23251003 | B21: 12月 | C21: 001 | D21: TBR2500 | E21: （株）アマダベンディング自動化ＰＪ | F21: TBR2500-J | G21: STD | H21: 0G3511 | J21: 2026/10/29 | K21: 2026/12/19
A22: TS10100109 | B22: 12月 | C22: 002 | D22: EGBRBT010E | E22: （株）エスイージー | F22: EGBRBT010E-J | G22: STD | H22: 0D9357 | I22: EGBR109 | J22: 2026/11/14 | K22: 2026/12/03
A23: TS10100119 | B23: 12月 | C23: 003 | D23: EGBRBT010E | E23: （株）新生工業 | F23: EGBRBT010E-J | G23: STD | H23: 0D9357 | I23: EGBR119 | J23: 2026/11/21 | K23: 2026/12/10
A24: 10200060 | B24: 12月 | C24: 004 | D24: EGBRBT020E | E24: （株）ヤマイチ | F24: EGBRBT020E-J | G24: STD | H24: 0E0422 | I24: ARE060 | J24: 2026/11/24 | K24: 2026/12/11
A25: TS10100120 | B25: 12月 | C25: 005 | D25: EGBRBT010E | E25: （株）ＳＡＮＭＡＴＳＵ | F25: EGBRBT010E-J | G25: STD | H25: 0D9357 | I25: EGBR123 | J25: 2026/11/28 | K25: 2026/12/17
A26: TS10100121 | B26: 12月 | C26: 006 | D26: EGBRBT010E_EXP | E26: CHINA | F26: EGBRBT010E-E | G26: STD | H26: 0E0421 | I26: CN0509 | J26: 2026/11/28 | K26: 2026/12/17
A27: 10200059 | B27: 12月 | C27: 007 | D27: EGBRBT020E.EXP | E27: ＡＭＡＤＡ ＡＭＥＲＩＣＡ ＩＮＣ． | F27: EGBRBT020E-E | G27: STD | H27: 0E2861 | I27: BDA1383 | J27: 2026/12/01 | K27: 2026/12/18
A28: TS10100122 | B28: 12月 | C28: 008 | D28: EGBRBT010E_EXP | E28: ＡＭＡＤＡ ＣＡＮＡＤＡ ＬＴＤ． | F28: EGBRBT010E-E | G28: STD | H28: 0E0421 | I28: BDA1387 | J28: 2026/12/04 | K28: 2026/12/23
A29: 10200061 | B29: 01月 | C29: 001 | D29: EGBRBT020E.EXP | E29: 【CHINA】昆山栄科 | F29: EGBRBT020E-E | G29: STD | H29: 0E2861 | I29: CN0537 | J29: 2026/12/11 | K29: 2027/01/06
A30: 10200062 | B30: 01月 | C30: 002 | D30: EGBRBT020E.EXP | E30: 【CHINA】蘇州鉄拓机械 | F30: EGBRBT020E-E | G30: STD | H30: 0E2861 | I30: CN0538 | J30: 2026/12/19 | K30: 2027/01/14
A31: 10200063 | B31: 01月 | C31: 003 | D31: EGBRBT020E | E31: 太洋工業（株） | F31: EGBRBT020E-J | G31: STD | H31: 0E0422 | I31: ARE063 | J31: 2027/01/06 | K31: 2027/01/23
B32: 02月 | C32: 001 | D32: EGBRBT080E | G32: STD | H32: 0G3682 | J32: 2027/01/12 | K32: 2027/02/02
A33: 10200064 | B33: 02月 | C33: 002 | D33: EGBRBT020E | F33: EGBRBT020E-J | G33: STD | H33: 0E0422 | J33: 2027/01/20 | K33: 2027/02/06
A34: 10200065 | B34: 02月 | C34: 003 | D34: EGBRBT020E | E34: （株）アスカ | F34: EGBRBT020E-J | G34: STD | H34: 0E0422 | I34: ARE065 | J34: 2027/01/29 | K34: 2027/02/18
A35: 10200066 | B35: 02月 | C35: 004 | D35: EGBRBT020E.EXP | E35: アマダアメリカ | F35: EGBRBT020E-E | G35: STD | H35: 0E2861 | J35: 2027/02/06 | K35: 2027/02/27
A36: 10200067 | B36: 03月 | C36: 001 | D36: EGBRBT020E | F36: EGBRBT020E-J | G36: STD | H36: 0E0422 | J36: 2027/02/09 | K36: 2027/03/02
A37: 10200069 | B37: 03月 | C37: 002 | D37: EGBRBT020E.EXP | E37: 中国 | F37: EGBRBT020E-E | G37: STD | H37: 0E2861 | J37: 2027/02/26 | K37: 2027/03/17
A38: 10200068 | B38: 03月 | C38: 003 | D38: EGBRBT020E | F38: EGBRBT020E-J | G38: STD | H38: 0E0422 | J38: 2027/03/12 | K38: 2027/03/31

Sheet ASTRO対照表
A1: NO | B1: 生産月 | C1: 機種名 | D1: 客先名 | E1: シリアルNo | F1: 機種品番 | G1: 着手日(変更前) | I1: 着手日(変更後)
A2: 1 | B2: =IFERROR(VLOOKUP(E2,'(新)ASTRO'!$A$3:$J$44,2,0),"") -> 10月 | C2: =IFERROR(VLOOKUP(E2,'(新)ASTRO'!$A$3:$J$44,4,0),"") -> EGBRBT010E | D2: =IFERROR(VLOOKUP(E2,'(新)ASTRO'!$A$3:$J$44,5,0),"") -> （株）山陽工作所 | E2: ='(新)ASTRO'!A3 -> TS10100102 | F2: =IFERROR(VLOOKUP(E2,'(新)ASTRO'!$A$3:$J$44,8,0),"") -> 0D9357 | G2: =IFERROR(VLOOKUP(E2,'(旧)ASTRO'!$A$3:$K$50,10,0),"") -> 2026/07/31 | H2: ⇒ | I2: =IFERROR(VLOOKUP(E2,'(新)ASTRO'!$A$3:$J$44,10,0),"") -> 2026/07/31
A3: 2 | B3: =IFERROR(VLOOKUP(E3,'(新)ASTRO'!$A$3:$J$44,2,0),"") -> 10月 | C3: =IFERROR(VLOOKUP(E3,'(新)ASTRO'!$A$3:$J$44,4,0),"") -> TBR2500 | D3: =IFERROR(VLOOKUP(E3,'(新)ASTRO'!$A$3:$J$44,5,0),"") -> （株）アマダベンディング自動化ＰＪ | E3: ='(新)ASTRO'!A4 -> AP23251002 | F3: =IFERROR(VLOOKUP(E3,'(新)ASTRO'!$A$3:$J$44,8,0),"") -> 0G3511 | G3: =IFERROR(VLOOKUP(E3,'(旧)ASTRO'!$A$3:$K$50,10,0),"") -> 2026/08/22 | H3: ⇒ | I3: =IFERROR(VLOOKUP(E3,'(新)ASTRO'!$A$3:$J$44,10,0),"") -> 2026/08/22
A4: 3 | B4: =IFERROR(VLOOKUP(E4,'(新)ASTRO'!$A$3:$J$44,2,0),"") -> 10月 | C4: =IFERROR(VLOOKUP(E4,'(新)ASTRO'!$A$3:$J$44,4,0),"") -> EGBRBT010E | D4: =IFERROR(VLOOKUP(E4,'(新)ASTRO'!$A$3:$J$44,5,0),"") -> 大和テック（株） | E4: ='(新)ASTRO'!A5 -> TS10100107 | F4: =IFERROR(VLOOKUP(E4,'(新)ASTRO'!$A$3:$J$44,8,0),"") -> 0D9357 | G4: =IFERROR(VLOOKUP(E4,'(旧)ASTRO'!$A$3:$K$50,10,0),"") -> 2026/09/03 | H4: ⇒ | I4: =IFERROR(VLOOKUP(E4,'(新)ASTRO'!$A$3:$J$44,10,0),"") -> 2026/09/03
A5: 4 | B5: =IFERROR(VLOOKUP(E5,'(新)ASTRO'!$A$3:$J$44,2,0),"") -> 10月 | C5: =IFERROR(VLOOKUP(E5,'(新)ASTRO'!$A$3:$J$44,4,0),"") -> EGBRBT010E_EXP | D5: =IFERROR(VLOOKUP(E5,'(新)ASTRO'!$A$3:$J$44,5,0),"") -> CHINA | E5: ='(新)ASTRO'!A6 -> TS10100113 | F5: =IFERROR(VLOOKUP(E5,'(新)ASTRO'!$A$3:$J$44,8,0),"") -> 0E0421 | G5: =IFERROR(VLOOKUP(E5,'(旧)ASTRO'!$A$3:$K$50,10,0),"") -> 2026/09/08 | H5: ⇒ | I5: =IFERROR(VLOOKUP(E5,'(新)ASTRO'!$A$3:$J$44,10,0),"") -> 2026/09/08
A6: 5 | B6: =IFERROR(VLOOKUP(E6,'(新)ASTRO'!$A$3:$J$44,2,0),"") -> 10月 | C6: =IFERROR(VLOOKUP(E6,'(新)ASTRO'!$A$3:$J$44,4,0),"") -> EGBRBT010E | D6: =IFERROR(VLOOKUP(E6,'(新)ASTRO'!$A$3:$J$44,5,0),"") -> （株）アマダベンディング自動化ＰＪ | E6: ='(新)ASTRO'!A7 -> TS10100106 | F6: =IFERROR(VLOOKUP(E6,'(新)ASTRO'!$A$3:$J$44,8,0),"") -> 0D9357 | G6: =IFERROR(VLOOKUP(E6,'(旧)ASTRO'!$A$3:$K$50,10,0),"") -> 2026/09/12 | H6: ⇒ | I6: =IFERROR(VLOOKUP(E6,'(新)ASTRO'!$A$3:$J$44,10,0),"") -> 2026/09/12
A7: 6 | B7: =IFERROR(VLOOKUP(E7,'(新)ASTRO'!$A$3:$J$44,2,0),"") -> 10月 | C7: =IFERROR(VLOOKUP(E7,'(新)ASTRO'!$A$3:$J$44,4,0),"") -> EGBRBT010E | D7: =IFERROR(VLOOKUP(E7,'(新)ASTRO'!$A$3:$J$44,5,0),"") -> （株）山一金属製作所 | E7: ='(新)ASTRO'!A8 -> TS10100111 | F7: =IFERROR(VLOOKUP(E7,'(新)ASTRO'!$A$3:$J$44,8,0),"") -> 0G3870 | G7: =IFERROR(VLOOKUP(E7,'(旧)ASTRO'!$A$3:$K$50,10,0),"") -> 2026/09/17 | H7: ⇒ | I7: =IFERROR(VLOOKUP(E7,'(新)ASTRO'!$A$3:$J$44,10,0),"") -> 2026/09/17
A8: 7 | B8: =IFERROR(VLOOKUP(E8,'(新)ASTRO'!$A$3:$J$44,2,0),"") -> 10月 | C8: =IFERROR(VLOOKUP(E8,'(新)ASTRO'!$A$3:$J$44,4,0),"") -> HGROBOT080.EXP | D8: =IFERROR(VLOOKUP(E8,'(新)ASTRO'!$A$3:$J$44,5,0),"") -> 【ブラジル】PERTO | E8: ='(新)ASTRO'!A9 -> 00800070 | F8: =IFERROR(VLOOKUP(E8,'(新)ASTRO'!$A$3:$J$44,8,0),"") -> 0G4022 | G8: =IFERROR(VLOOKUP(E8,'(旧)ASTRO'!$A$3:$K$50,10,0),"") -> 2026/09/18 | H8: ⇒ | I8: =IFERROR(VLOOKUP(E8,'(新)ASTRO'!$A$3:$J$44,10,0),"") -> 2026/09/18
A9: 8 | B9: =IFERROR(VLOOKUP(E9,'(新)ASTRO'!$A$3:$J$44,2,0),"") -> 10月 | C9: =IFERROR(VLOOKUP(E9,'(新)ASTRO'!$A$3:$J$44,4,0),"") -> EGBRBT010E_EXP | D9: =IFERROR(VLOOKUP(E9,'(新)ASTRO'!$A$3:$J$44,5,0),"") -> ＡＭＡＤＡ ＡＭＥＲＩＣＡ ＩＮＣ． | E9: ='(新)ASTRO'!A10 -> TS10100112 | F9: =IFERROR(VLOOKUP(E9,'(新)ASTRO'!$A$3:$J$44,8,0),"") -> 0E0421 | G9: =IFERROR(VLOOKUP(E9,'(旧)ASTRO'!$A$3:$K$50,10,0),"") -> 2026/09/24 | H9: ⇒ | I9: =IFERROR(VLOOKUP(E9,'(新)ASTRO'!$A$3:$J$44,10,0),"") -> 2026/09/24
A10: 9 | B10: =IFERROR(VLOOKUP(E10,'(新)ASTRO'!$A$3:$J$44,2,0),"") -> 10月 | C10: =IFERROR(VLOOKUP(E10,'(新)ASTRO'!$A$3:$J$44,4,0),"") -> EGBRBT020E | D10: =IFERROR(VLOOKUP(E10,'(新)ASTRO'!$A$3:$J$44,5,0),"") | E10: ='(新)ASTRO'!A11 -> 10209993 | F10: =IFERROR(VLOOKUP(E10,'(新)ASTRO'!$A$3:$J$44,8,0),"") -> 0F4948 | G10: =IFERROR(VLOOKUP(E10,'(旧)ASTRO'!$A$3:$K$50,10,0),"") -> 2026/03/05 | H10: ⇒ | I10: =IFERROR(VLOOKUP(E10,'(新)ASTRO'!$A$3:$J$44,10,0),"") -> 2026/10/06
A11: 10 | B11: =IFERROR(VLOOKUP(E11,'(新)ASTRO'!$A$3:$J$44,2,0),"") -> 10月 | C11: =IFERROR(VLOOKUP(E11,'(新)ASTRO'!$A$3:$J$44,4,0),"") -> EGBRBT020E.EXP | D11: =IFERROR(VLOOKUP(E11,'(新)ASTRO'!$A$3:$J$44,5,0),"") -> 【TAIWAN】展示機 | E11: ='(新)ASTRO'!A12 -> 10200057 | F11: =IFERROR(VLOOKUP(E11,'(新)ASTRO'!$A$3:$J$44,8,0),"") -> 0E2861 | G11: =IFERROR(VLOOKUP(E11,'(旧)ASTRO'!$A$3:$K$50,10,0),"") -> 2026/10/06 | H11: ⇒ | I11: =IFERROR(VLOOKUP(E11,'(新)ASTRO'!$A$3:$J$44,10,0),"") -> 2026/10/06
A12: 11 | B12: =IFERROR(VLOOKUP(E12,'(新)ASTRO'!$A$3:$J$44,2,0),"") -> 11月 | C12: =IFERROR(VLOOKUP(E12,'(新)ASTRO'!$A$3:$J$44,4,0),"") -> EGBRBT010E | D12: =IFERROR(VLOOKUP(E12,'(新)ASTRO'!$A$3:$J$44,5,0),"") -> 楠田金属（株） | E12: ='(新)ASTRO'!A13 -> TS10100115 | F12: =IFERROR(VLOOKUP(E12,'(新)ASTRO'!$A$3:$J$44,8,0),"") -> 0D9357 | G12: =IFERROR(VLOOKUP(E12,'(旧)ASTRO'!$A$3:$K$50,10,0),"") -> 2026/09/29 | H12: ⇒ | I12: =IFERROR(VLOOKUP(E12,'(新)ASTRO'!$A$3:$J$44,10,0),"") -> 2026/09/29
A13: 12 | B13: =IFERROR(VLOOKUP(E13,'(新)ASTRO'!$A$3:$J$44,2,0),"") -> 11月 | C13: =IFERROR(VLOOKUP(E13,'(新)ASTRO'!$A$3:$J$44,4,0),"") -> EGBRBT010E | D13: =IFERROR(VLOOKUP(E13,'(新)ASTRO'!$A$3:$J$44,5,0),"") -> （株）秋田マシナリー | E13: ='(新)ASTRO'!A14 -> TS10100114 | F13: =IFERROR(VLOOKUP(E13,'(新)ASTRO'!$A$3:$J$44,8,0),"") -> 0D9357 | G13: =IFERROR(VLOOKUP(E13,'(旧)ASTRO'!$A$3:$K$50,10,0),"") -> 2026/10/02 | H13: ⇒ | I13: =IFERROR(VLOOKUP(E13,'(新)ASTRO'!$A$3:$J$44,10,0),"") -> 2026/10/02
... A46: 39 | B46: =IFERROR(VLOOKUP(E46,'(新)ASTRO'!$A$3:$J$44,2,0),"") | C46: =IFERROR(VLOOKUP(E46,'(新)ASTRO'!$A$3:$J$44,4,0),"") | D46: =IFERROR(VLOOKUP(E46,'(新)ASTRO'!$A$3:$J$44,5,0),"") | E46: ='(新)ASTRO'!A47 -> 0 | F46: =IFERROR(VLOOKUP(E46,'(新)ASTRO'!$A$3:$J$44,8,0),"") | G46: =IFERROR(VLOOKUP(E46,'(旧)ASTRO'!$A$3:$K$50,10,0),"") | H46: ⇒ | I46: =IFERROR(VLOOKUP(E46,'(新)ASTRO'!$A$3:$J$44,10,0),"")
A47: 46 | B47: =IFERROR(VLOOKUP(E47,'(新)ASTRO'!$A$3:$J$44,2,0),"") | C47: =IFERROR(VLOOKUP(E47,'(新)ASTRO'!$A$3:$J$44,4,0),"") | D47: =IFERROR(VLOOKUP(E47,'(新)ASTRO'!$A$3:$J$44,5,0),"") | E47: ='(新)ASTRO'!A42 -> 0 | F47: =IFERROR(VLOOKUP(E47,'(新)ASTRO'!$A$3:$J$44,8,0),"") | G47: =IFERROR(VLOOKUP(E47,'(旧)ASTRO'!$A$3:$K$50,10,0),"") | H47: ⇒ | I47: =IFERROR(VLOOKUP(E47,'(新)ASTRO'!$A$3:$J$44,10,0),"")
A48: 47 | B48: =IFERROR(VLOOKUP(E48,'(新)ASTRO'!$A$3:$J$44,2,0),"") | C48: =IFERROR(VLOOKUP(E48,'(新)ASTRO'!$A$3:$J$44,4,0),"") | D48: =IFERROR(VLOOKUP(E48,'(新)ASTRO'!$A$3:$J$44,5,0),"") | E48: ='(新)ASTRO'!A43 -> 0 | F48: =IFERROR(VLOOKUP(E48,'(新)ASTRO'!$A$3:$J$44,8,0),"") | G48: =IFERROR(VLOOKUP(E48,'(旧)ASTRO'!$A$3:$K$50,10,0),"") | H48: ⇒ | I48: =IFERROR(VLOOKUP(E48,'(新)ASTRO'!$A$3:$J$44,10,0),"")
A49: 48 | B49: =IFERROR(VLOOKUP(E49,'(新)ASTRO'!$A$3:$J$44,2,0),"") | C49: =IFERROR(VLOOKUP(E49,'(新)ASTRO'!$A$3:$J$44,4,0),"") | D49: =IFERROR(VLOOKUP(E49,'(新)ASTRO'!$A$3:$J$44,5,0),"") | E49: ='(新)ASTRO'!A44 -> 0 | F49: =IFERROR(VLOOKUP(E49,'(新)ASTRO'!$A$3:$J$44,8,0),"") | G49: =IFERROR(VLOOKUP(E49,'(旧)ASTRO'!$A$3:$K$50,10,0),"") | H49: ⇒ | I49: =IFERROR(VLOOKUP(E49,'(新)ASTRO'!$A$3:$J$44,10,0),"")
A50: 49 | B50: =IFERROR(VLOOKUP(E50,'(新)ASTRO'!$A$3:$J$44,2,0),"") | C50: =IFERROR(VLOOKUP(E50,'(新)ASTRO'!$A$3:$J$44,4,0),"") | D50: =IFERROR(VLOOKUP(E50,'(新)ASTRO'!$A$3:$J$44,5,0),"") | E50: ='(新)ASTRO'!A45 -> 0 | F50: =IFERROR(VLOOKUP(E50,'(新)ASTRO'!$A$3:$J$44,8,0),"") | G50: =IFERROR(VLOOKUP(E50,'(旧)ASTRO'!$A$3:$K$50,10,0),"") | H50: ⇒ | I50: =IFERROR(VLOOKUP(E50,'(新)ASTRO'!$A$3:$J$44,10,0),"")
A51: 50 | B51: =IFERROR(VLOOKUP(E51,'(新)ASTRO'!$A$3:$J$44,2,0),"") | C51: =IFERROR(VLOOKUP(E51,'(新)ASTRO'!$A$3:$J$44,4,0),"") | D51: =IFERROR(VLOOKUP(E51,'(新)ASTRO'!$A$3:$J$44,5,0),"") | E51: ='(新)ASTRO'!A46 -> 0 | F51: =IFERROR(VLOOKUP(E51,'(新)ASTRO'!$A$3:$J$44,8,0),"") | G51: =IFERROR(VLOOKUP(E51,'(旧)ASTRO'!$A$3:$K$50,10,0),"") | H51: ⇒ | I51: =IFERROR(VLOOKUP(E51,'(新)ASTRO'!$A$3:$J$44,10,0),"")
A52: 51 | B52: =IFERROR(VLOOKUP(E52,'(新)ASTRO'!$A$3:$J$44,2,0),"") | C52: =IFERROR(VLOOKUP(E52,'(新)ASTRO'!$A$3:$J$44,4,0),"") | D52: =IFERROR(VLOOKUP(E52,'(新)ASTRO'!$A$3:$J$44,5,0),"") | E52: ='(新)ASTRO'!A47 -> 0 | F52: =IFERROR(VLOOKUP(E52,'(新)ASTRO'!$A$3:$J$44,8,0),"") | G52: =IFERROR(VLOOKUP(E52,'(旧)ASTRO'!$A$3:$K$50,10,0),"") | H52: ⇒ | I52: =IFERROR(VLOOKUP(E52,'(新)ASTRO'!$A$3:$J$44,10,0),"")
A53: 52 | B53: =IFERROR(VLOOKUP(E53,'(新)ASTRO'!$A$3:$J$44,2,0),"") | C53: =IFERROR(VLOOKUP(E53,'(新)ASTRO'!$A$3:$J$44,4,0),"") | D53: =IFERROR(VLOOKUP(E53,'(新)ASTRO'!$A$3:$J$44,5,0),"") | E53: ='(新)ASTRO'!A48 -> 0 | F53: =IFERROR(VLOOKUP(E53,'(新)ASTRO'!$A$3:$J$44,8,0),"") | G53: =IFERROR(VLOOKUP(E53,'(旧)ASTRO'!$A$3:$K$50,10,0),"") | H53: ⇒ | I53: =IFERROR(VLOOKUP(E53,'(新)ASTRO'!$A$3:$J$44,10,0),"")
A54: 53 | B54: =IFERROR(VLOOKUP(E54,'(新)ASTRO'!$A$3:$J$44,2,0),"") | C54: =IFERROR(VLOOKUP(E54,'(新)ASTRO'!$A$3:$J$44,4,0),"") | D54: =IFERROR(VLOOKUP(E54,'(新)ASTRO'!$A$3:$J$44,5,0),"") | E54: ='(新)ASTRO'!A49 -> 0 | F54: =IFERROR(VLOOKUP(E54,'(新)ASTRO'!$A$3:$J$44,8,0),"") | G54: =IFERROR(VLOOKUP(E54,'(旧)ASTRO'!$A$3:$K$50,10,0),"") | H54: ⇒ | I54: =IFERROR(VLOOKUP(E54,'(新)ASTRO'!$A$3:$J$44,10,0),"")
A55: 54 | B55: =IFERROR(VLOOKUP(E55,'(新)ASTRO'!$A$3:$J$44,2,0),"") | C55: =IFERROR(VLOOKUP(E55,'(新)ASTRO'!$A$3:$J$44,4,0),"") | D55: =IFERROR(VLOOKUP(E55,'(新)ASTRO'!$A$3:$J$44,5,0),"") | E55: ='(新)ASTRO'!A50 -> 0 | F55: =IFERROR(VLOOKUP(E55,'(新)ASTRO'!$A$3:$J$44,8,0),"") | G55: =IFERROR(VLOOKUP(E55,'(旧)ASTRO'!$A$3:$K$50,10,0),"") | H55: ⇒ | I55: =IFERROR(VLOOKUP(E55,'(新)ASTRO'!$A$3:$J$44,10,0),"")
A56: 55 | B56: =IFERROR(VLOOKUP(E56,'(新)ASTRO'!$A$3:$J$44,2,0),"") | C56: =IFERROR(VLOOKUP(E56,'(新)ASTRO'!$A$3:$J$44,4,0),"") | D56: =IFERROR(VLOOKUP(E56,'(新)ASTRO'!$A$3:$J$44,5,0),"") | E56: ='(新)ASTRO'!A51 -> 0 | F56: =IFERROR(VLOOKUP(E56,'(新)ASTRO'!$A$3:$J$44,8,0),"") | G56: =IFERROR(VLOOKUP(E56,'(旧)ASTRO'!$A$3:$K$50,10,0),"") | H56: ⇒ | I56: =IFERROR(VLOOKUP(E56,'(新)ASTRO'!$A$3:$J$44,10,0),"")
A57: 56 | B57: =IFERROR(VLOOKUP(E57,'(新)ASTRO'!$A$3:$J$44,2,0),"") | C57: =IFERROR(VLOOKUP(E57,'(新)ASTRO'!$A$3:$J$44,4,0),"") | D57: =IFERROR(VLOOKUP(E57,'(新)ASTRO'!$A$3:$J$44,5,0),"") | E57: ='(新)ASTRO'!A52 -> 0 | F57: =IFERROR(VLOOKUP(E57,'(新)ASTRO'!$A$3:$J$44,8,0),"") | G57: =IFERROR(VLOOKUP(E57,'(旧)ASTRO'!$A$3:$K$50,10,0),"") | H57: ⇒ | I57: =IFERROR(VLOOKUP(E57,'(新)ASTRO'!$A$3:$J$44,10,0),"")
A58: 57 | B58: =IFERROR(VLOOKUP(E58,'(新)ASTRO'!$A$3:$J$44,2,0),"") | C58: =IFERROR(VLOOKUP(E58,'(新)ASTRO'!$A$3:$J$44,4,0),"") | D58: =IFERROR(VLOOKUP(E58,'(新)ASTRO'!$A$3:$J$44,5,0),"") | E58: ='(新)ASTRO'!A53 -> 0 | F58: =IFERROR(VLOOKUP(E58,'(新)ASTRO'!$A$3:$J$44,8,0),"") | G58: =IFERROR(VLOOKUP(E58,'(旧)ASTRO'!$A$3:$K$50,10,0),"") | H58: ⇒ | I58: =IFERROR(VLOOKUP(E58,'(新)ASTRO'!$A$3:$J$44,10,0),"")
... A79: 78 | B79: =IFERROR(VLOOKUP(E79,'(新)ASTRO'!$A$3:$J$44,2,0),"") | C79: =IFERROR(VLOOKUP(E79,'(新)ASTRO'!$A$3:$J$44,4,0),"") | D79: =IFERROR(VLOOKUP(E79,'(新)ASTRO'!$A$3:$J$44,5,0),"") | E79: ='(新)ASTRO'!A74 -> 0 | F79: =IFERROR(VLOOKUP(E79,'(新)ASTRO'!$A$3:$J$44,8,0),"") | G79: =IFERROR(VLOOKUP(E79,'(旧)ASTRO'!$A$3:$K$50,10,0),"") | H79: ⇒ | I79: =IFERROR(VLOOKUP(E79,'(新)ASTRO'!$A$3:$J$44,10,0),"")
A80: 79 | B80: =IFERROR(VLOOKUP(E80,'(新)ASTRO'!$A$3:$J$44,2,0),"") | C80: =IFERROR(VLOOKUP(E80,'(新)ASTRO'!$A$3:$J$30,4,0),"") | D80: =IFERROR(VLOOKUP(E80,'(新)ASTRO'!$A$3:$J$44,5,0),"") | E80: ='(新)ASTRO'!A75 -> 0 | F80: =IFERROR(VLOOKUP(E80,'(新)ASTRO'!$A$3:$J$44,8,0),"") | G80: =IFERROR(VLOOKUP(E80,'(旧)ASTRO'!$A$3:$K$50,10,0),"") | H80: ⇒ | I80: =IFERROR(VLOOKUP(E80,'(新)ASTRO'!$A$3:$J$44,10,0),"")
A81: 80 | B81: =IFERROR(VLOOKUP(E81,'(新)ASTRO'!$A$3:$J$44,2,0),"") | C81: =IFERROR(VLOOKUP(E81,'(新)ASTRO'!$A$3:$J$30,4,0),"") | D81: =IFERROR(VLOOKUP(E81,'(新)ASTRO'!$A$3:$J$44,5,0),"") | E81: ='(新)ASTRO'!A76 -> 0 | F81: =IFERROR(VLOOKUP(E81,'(新)ASTRO'!$A$3:$J$44,8,0),"") | G81: =IFERROR(VLOOKUP(E81,'(旧)ASTRO'!$A$3:$K$50,10,0),"") | H81: ⇒ | I81: =IFERROR(VLOOKUP(E81,'(新)ASTRO'!$A$3:$J$44,10,0),"")
A82: 81 | B82: =IFERROR(VLOOKUP(E82,'(新)ASTRO'!$A$3:$J$44,2,0),"") | C82: =IFERROR(VLOOKUP(E82,'(新)ASTRO'!$A$3:$J$30,4,0),"") | D82: =IFERROR(VLOOKUP(E82,'(新)ASTRO'!$A$3:$J$44,5,0),"") | E82: ='(新)ASTRO'!A77 -> 0 | F82: =IFERROR(VLOOKUP(E82,'(新)ASTRO'!$A$3:$J$44,8,0),"") | G82: =IFERROR(VLOOKUP(E82,'(旧)ASTRO'!$A$3:$K$50,10,0),"") | H82: ⇒ | I82: =IFERROR(VLOOKUP(E82,'(新)ASTRO'!$A$3:$J$44,10,0),"")
A83: 82 | B83: =IFERROR(VLOOKUP(E83,'(新)ASTRO'!$A$3:$J$44,2,0),"") | C83: =IFERROR(VLOOKUP(E83,'(新)ASTRO'!$A$3:$J$30,4,0),"") | D83: =IFERROR(VLOOKUP(E83,'(新)ASTRO'!$A$3:$J$44,5,0),"") | E83: ='(新)ASTRO'!A78 -> 0 | F83: =IFERROR(VLOOKUP(E83,'(新)ASTRO'!$A$3:$J$44,8,0),"") | G83: =IFERROR(VLOOKUP(E83,'(旧)ASTRO'!$A$3:$K$50,10,0),"") | H83: ⇒ | I83: =IFERROR(VLOOKUP(E83,'(新)ASTRO'!$A$3:$J$44,10,0),"")
A84: 83 | B84: =IFERROR(VLOOKUP(E84,'(新)ASTRO'!$A$3:$J$44,2,0),"") | C84: =IFERROR(VLOOKUP(E84,'(新)ASTRO'!$A$3:$J$30,4,0),"") | D84: =IFERROR(VLOOKUP(E84,'(新)ASTRO'!$A$3:$J$44,5,0),"") | E84: ='(新)ASTRO'!A79 -> 0 | F84: =IFERROR(VLOOKUP(E84,'(新)ASTRO'!$A$3:$J$44,8,0),"") | G84: =IFERROR(VLOOKUP(E84,'(旧)ASTRO'!$A$3:$K$50,10,0),"") | H84: ⇒ | I84: =IFERROR(VLOOKUP(E84,'(新)ASTRO'!$A$3:$J$44,10,0),"")
A85: 84 | B85: =IFERROR(VLOOKUP(E85,'(新)ASTRO'!$A$3:$J$44,2,0),"") | C85: =IFERROR(VLOOKUP(E85,'(新)ASTRO'!$A$3:$J$30,4,0),"") | D85: =IFERROR(VLOOKUP(E85,'(新)ASTRO'!$A$3:$J$44,5,0),"") | E85: ='(新)ASTRO'!A80 -> 0 | F85: =IFERROR(VLOOKUP(E85,'(新)ASTRO'!$A$3:$J$44,8,0),"") | G85: =IFERROR(VLOOKUP(E85,'(旧)ASTRO'!$A$3:$K$50,10,0),"") | H85: ⇒ | I85: =IFERROR(VLOOKUP(E85,'(新)ASTRO'!$A$3:$J$44,10,0),"")
A86: 85 | B86: =IFERROR(VLOOKUP(E86,'(新)ASTRO'!$A$3:$J$44,2,0),"") | C86: =IFERROR(VLOOKUP(E86,'(新)ASTRO'!$A$3:$J$30,4,0),"") | D86: =IFERROR(VLOOKUP(E86,'(新)ASTRO'!$A$3:$J$44,5,0),"") | E86: ='(新)ASTRO'!A81 -> 0 | F86: =IFERROR(VLOOKUP(E86,'(新)ASTRO'!$A$3:$J$44,8,0),"") | G86: =IFERROR(VLOOKUP(E86,'(旧)ASTRO'!$A$3:$K$50,10,0),"") | H86: ⇒ | I86: =IFERROR(VLOOKUP(E86,'(新)ASTRO'!$A$3:$J$44,10,0),"")
A87: 86 | B87: =IFERROR(VLOOKUP(E87,'(新)ASTRO'!$A$3:$J$44,2,0),"") | C87: =IFERROR(VLOOKUP(E87,'(新)ASTRO'!$A$3:$J$30,4,0),"") | D87: =IFERROR(VLOOKUP(E87,'(新)ASTRO'!$A$3:$J$44,5,0),"") | E87: ='(新)ASTRO'!A82 -> 0 | F87: =IFERROR(VLOOKUP(E87,'(新)ASTRO'!$A$3:$J$44,8,0),"") | G87: =IFERROR(VLOOKUP(E87,'(旧)ASTRO'!$A$3:$K$50,10,0),"") | H87: ⇒ | I87: =IFERROR(VLOOKUP(E87,'(新)ASTRO'!$A$3:$J$44,10,0),"")
A88: 87 | B88: =IFERROR(VLOOKUP(E88,'(新)ASTRO'!$A$3:$J$44,2,0),"") | C88: =IFERROR(VLOOKUP(E88,'(新)ASTRO'!$A$3:$J$30,4,0),"") | D88: =IFERROR(VLOOKUP(E88,'(新)ASTRO'!$A$3:$J$44,5,0),"") | E88: ='(新)ASTRO'!A83 -> 0 | F88: =IFERROR(VLOOKUP(E88,'(新)ASTRO'!$A$3:$J$44,8,0),"") | G88: =IFERROR(VLOOKUP(E88,'(旧)ASTRO'!$A$3:$K$50,10,0),"") | H88: ⇒ | I88: =IFERROR(VLOOKUP(E88,'(新)ASTRO'!$A$3:$J$44,10,0),"")
A89: 88 | B89: =IFERROR(VLOOKUP(E89,'(新)ASTRO'!$A$3:$J$44,2,0),"") | C89: =IFERROR(VLOOKUP(E89,'(新)ASTRO'!$A$3:$J$30,4,0),"") | D89: =IFERROR(VLOOKUP(E89,'(新)ASTRO'!$A$3:$J$44,5,0),"") | E89: ='(新)ASTRO'!A84 -> 0 | F89: =IFERROR(VLOOKUP(E89,'(新)ASTRO'!$A$3:$J$44,8,0),"") | G89: =IFERROR(VLOOKUP(E89,'(旧)ASTRO'!$A$3:$K$50,10,0),"") | H89: ⇒ | I89: =IFERROR(VLOOKUP(E89,'(新)ASTRO'!$A$3:$J$44,10,0),"")
A90: 89 | B90: =IFERROR(VLOOKUP(E90,'(新)ASTRO'!$A$3:$J$44,2,0),"") | C90: =IFERROR(VLOOKUP(E90,'(新)ASTRO'!$A$3:$J$30,4,0),"") | D90: =IFERROR(VLOOKUP(E90,'(新)ASTRO'!$A$3:$J$44,5,0),"") | E90: ='(新)ASTRO'!A85 -> 0 | F90: =IFERROR(VLOOKUP(E90,'(新)ASTRO'!$A$3:$J$44,8,0),"") | G90: =IFERROR(VLOOKUP(E90,'(旧)ASTRO'!$A$3:$K$50,10,0),"") | H90: ⇒ | I90: =IFERROR(VLOOKUP(E90,'(新)ASTRO'!$A$3:$J$44,10,0),"")
A91: 90 | B91: =IFERROR(VLOOKUP(E91,'(新)ASTRO'!$A$3:$J$44,2,0),"") | C91: =IFERROR(VLOOKUP(E91,'(新)ASTRO'!$A$3:$J$30,4,0),"") | D91: =IFERROR(VLOOKUP(E91,'(新)ASTRO'!$A$3:$J$44,5,0),"") | E91: ='(新)ASTRO'!A86 -> 0 | F91: =IFERROR(VLOOKUP(E91,'(新)ASTRO'!$A$3:$J$44,8,0),"") | G91: =IFERROR(VLOOKUP(E91,'(旧)ASTRO'!$A$3:$K$50,10,0),"") | H91: ⇒ | I91: =IFERROR(VLOOKUP(E91,'(新)ASTRO'!$A$3:$J$44,10,0),"")
... A106: 105 | B106: =IFERROR(VLOOKUP(E106,'(新)ASTRO'!$A$3:$J$44,2,0),"") | C106: =IFERROR(VLOOKUP(E106,'(新)ASTRO'!$A$3:$J$30,4,0),"") | D106: =IFERROR(VLOOKUP(E106,'(新)ASTRO'!$A$3:$J$44,5,0),"") | E106: ='(新)ASTRO'!A101 -> 0 | F106: =IFERROR(VLOOKUP(E106,'(新)ASTRO'!$A$3:$J$44,8,0),"") | G106: =IFERROR(VLOOKUP(E106,'(旧)ASTRO'!$A$3:$K$50,10,0),"") | H106: ⇒ | I106: =IFERROR(VLOOKUP(E106,'(新)ASTRO'!$A$3:$J$44,10,0),"")
A107: 106 | B107: =IFERROR(VLOOKUP(E107,'(新)ASTRO'!$A$3:$J$44,2,0),"") | C107: =IFERROR(VLOOKUP(E107,'(新)ASTRO'!$A$3:$J$30,4,0),"") | D107: =IFERROR(VLOOKUP(E107,'(新)ASTRO'!$A$3:$J$44,5,0),"") | E107: ='(新)ASTRO'!A102 -> 0 | F107: =IFERROR(VLOOKUP(E107,'(新)ASTRO'!$A$3:$J$30,8,0),"") | G107: =IFERROR(VLOOKUP(E107,'(旧)ASTRO'!$A$3:$K$50,10,0),"") | H107: ⇒ | I107: =IFERROR(VLOOKUP(E107,'(新)ASTRO'!$A$3:$J$44,10,0),"")
A108: 107 | B108: =IFERROR(VLOOKUP(E108,'(新)ASTRO'!$A$3:$J$44,2,0),"") | C108: =IFERROR(VLOOKUP(E108,'(新)ASTRO'!$A$3:$J$30,4,0),"") | D108: =IFERROR(VLOOKUP(E108,'(新)ASTRO'!$A$3:$J$44,5,0),"") | E108: ='(新)ASTRO'!A103 -> 0 | F108: =IFERROR(VLOOKUP(E108,'(新)ASTRO'!$A$3:$J$30,8,0),"") | G108: =IFERROR(VLOOKUP(E108,'(旧)ASTRO'!$A$3:$K$50,10,0),"") | H108: ⇒ | I108: =IFERROR(VLOOKUP(E108,'(新)ASTRO'!$A$3:$J$44,10,0),"")
A109: 108 | B109: =IFERROR(VLOOKUP(E109,'(新)ASTRO'!$A$3:$J$44,2,0),"") | C109: =IFERROR(VLOOKUP(E109,'(新)ASTRO'!$A$3:$J$30,4,0),"") | D109: =IFERROR(VLOOKUP(E109,'(新)ASTRO'!$A$3:$J$30,5,0),"") | E109: ='(新)ASTRO'!A104 -> 0 | F109: =IFERROR(VLOOKUP(E109,'(新)ASTRO'!$A$3:$J$30,8,0),"") | G109: =IFERROR(VLOOKUP(E109,'(旧)ASTRO'!$A$3:$K$50,10,0),"") | H109: ⇒ | I109: =IFERROR(VLOOKUP(E109,'(新)ASTRO'!$A$3:$J$44,10,0),"")
A110: 109 | B110: =IFERROR(VLOOKUP(E110,'(新)ASTRO'!$A$3:$J$44,2,0),"") | C110: =IFERROR(VLOOKUP(E110,'(新)ASTRO'!$A$3:$J$30,4,0),"") | D110: =IFERROR(VLOOKUP(E110,'(新)ASTRO'!$A$3:$J$30,5,0),"") | E110: ='(新)ASTRO'!A105 -> 0 | F110: =IFERROR(VLOOKUP(E110,'(新)ASTRO'!$A$3:$J$30,8,0),"") | G110: =IFERROR(VLOOKUP(E110,'(旧)ASTRO'!$A$3:$K$50,10,0),"") | H110: ⇒ | I110: =IFERROR(VLOOKUP(E110,'(新)ASTRO'!$A$3:$J$44,10,0),"")
A111: 110 | B111: =IFERROR(VLOOKUP(E111,'(新)ASTRO'!$A$3:$J$30,2,0),"") | C111: =IFERROR(VLOOKUP(E111,'(新)ASTRO'!$A$3:$J$30,4,0),"") | D111: =IFERROR(VLOOKUP(E111,'(新)ASTRO'!$A$3:$J$30,5,0),"") | E111: ='(新)ASTRO'!A106 -> 0 | F111: =IFERROR(VLOOKUP(E111,'(新)ASTRO'!$A$3:$J$30,8,0),"") | G111: =IFERROR(VLOOKUP(E111,'(旧)ASTRO'!$A$3:$K$50,10,0),"") | H111: ⇒ | I111: =IFERROR(VLOOKUP(E111,'(新)ASTRO'!$A$3:$J$30,10,0),"")
A112: 111 | B112: =IFERROR(VLOOKUP(E112,'(新)ASTRO'!$A$3:$J$30,2,0),"") | C112: =IFERROR(VLOOKUP(E112,'(新)ASTRO'!$A$3:$J$30,4,0),"") | D112: =IFERROR(VLOOKUP(E112,'(新)ASTRO'!$A$3:$J$30,5,0),"") | E112: ='(新)ASTRO'!A107 -> 0 | F112: =IFERROR(VLOOKUP(E112,'(新)ASTRO'!$A$3:$J$30,8,0),"") | G112: =IFERROR(VLOOKUP(E112,'(旧)ASTRO'!$A$3:$K$50,10,0),"") | H112: ⇒ | I112: =IFERROR(VLOOKUP(E112,'(新)ASTRO'!$A$3:$J$30,10,0),"")
A113: 112 | B113: =IFERROR(VLOOKUP(E113,'(新)ASTRO'!$A$3:$J$30,2,0),"") | C113: =IFERROR(VLOOKUP(E113,'(新)ASTRO'!$A$3:$J$30,4,0),"") | D113: =IFERROR(VLOOKUP(E113,'(新)ASTRO'!$A$3:$J$30,5,0),"") | E113: ='(新)ASTRO'!A108 -> 0 | F113: =IFERROR(VLOOKUP(E113,'(新)ASTRO'!$A$3:$J$30,8,0),"") | G113: =IFERROR(VLOOKUP(E113,'(旧)ASTRO'!$A$3:$K$40,10,0),"") | H113: ⇒ | I113: =IFERROR(VLOOKUP(E113,'(新)ASTRO'!$A$3:$J$30,10,0),"")
A114: 113 | B114: =IFERROR(VLOOKUP(E114,'(新)ASTRO'!$A$3:$J$30,2,0),"") | C114: =IFERROR(VLOOKUP(E114,'(新)ASTRO'!$A$3:$J$30,4,0),"") | D114: =IFERROR(VLOOKUP(E114,'(新)ASTRO'!$A$3:$J$30,5,0),"") | E114: ='(新)ASTRO'!A109 -> 0 | F114: =IFERROR(VLOOKUP(E114,'(新)ASTRO'!$A$3:$J$30,8,0),"") | G114: =IFERROR(VLOOKUP(E114,'(旧)ASTRO'!$A$3:$K$40,10,0),"") | H114: ⇒ | I114: =IFERROR(VLOOKUP(E114,'(新)ASTRO'!$A$3:$J$30,10,0),"")
A115: 114 | B115: =IFERROR(VLOOKUP(E115,'(新)ASTRO'!$A$3:$J$30,2,0),"") | C115: =IFERROR(VLOOKUP(E115,'(新)ASTRO'!$A$3:$J$30,4,0),"") | D115: =IFERROR(VLOOKUP(E115,'(新)ASTRO'!$A$3:$J$30,5,0),"") | E115: ='(新)ASTRO'!A110 -> 0 | F115: =IFERROR(VLOOKUP(E115,'(新)ASTRO'!$A$3:$J$30,8,0),"") | G115: =IFERROR(VLOOKUP(E115,'(旧)ASTRO'!$A$3:$K$40,10,0),"") | H115: ⇒ | I115: =IFERROR(VLOOKUP(E115,'(新)ASTRO'!$A$3:$J$30,10,0),"")
A116: 115 | B116: =IFERROR(VLOOKUP(E116,'(新)ASTRO'!$A$3:$J$30,2,0),"") | C116: =IFERROR(VLOOKUP(E116,'(新)ASTRO'!$A$3:$J$30,4,0),"") | D116: =IFERROR(VLOOKUP(E116,'(新)ASTRO'!$A$3:$J$30,5,0),"") | E116: ='(新)ASTRO'!A111 -> 0 | F116: =IFERROR(VLOOKUP(E116,'(新)ASTRO'!$A$3:$J$30,8,0),"") | G116: =IFERROR(VLOOKUP(E116,'(旧)ASTRO'!$A$3:$K$40,10,0),"") | H116: ⇒ | I116: =IFERROR(VLOOKUP(E116,'(新)ASTRO'!$A$3:$J$30,10,0),"")

Sheet (旧)EG
A1: Ｓｅｒ． | B1: 生産月 | C1: Ｎｏ． | D1: 機種名 | E1: 顧客 | F1: 仕様機種名 | G1: 仕様分類 | H1: 機種品番 | I1: 確定仕様書NO | J1: 着手日 | K1: 完成予定日
A3: TS40109002 | B3: 09月 | C3: 001 | D3: EGB4010E | E3: （有）七福電子 | F3: EGB4010E-J | G3: STD+LZS | H3: 0E3361 | I3: 182699 | J3: 2026/04/14 | K3: 2026/05/08
A4: TS61377137 | B4: 09月 | C4: 002 | D4: EGB6013E | E4: （株）アマダベンディングＳ部 | F4: EGB6013E-J | G4: STD | H4: 0E5494 | J4: 2026/07/30 | K4: 2026/08/18
A5: TS60109102 | B5: 09月 | C5: 003 | D5: EGB6013RE | E5: （株）山陽工作所 | F5: EGB6013RE-J | G5: STD | H5: 0E1241 | I5: EGBR106 | J5: 2026/08/04 | K5: 2026/08/29
A6: TS41077203 | B6: 09月 | C6: 004 | D6: EGB4010E_EX | E6: ＡＭＡＤＡ ＡＭＥＲＩＣＡ ＩＮＣ． | F6: EGB4010E-E | G6: STD+LZS | H6: 0E3362 | I6: BDA1293 | J6: 2026/08/06 | K6: 2026/08/26
A7: TS41077204 | B7: 09月 | C7: 005 | D7: EGB4010E_EX | E7: ＡＭＡＤＡ ＡＭＥＲＩＣＡ ＩＮＣ． | F7: EGB4010E-E | G7: STD+LZS | H7: 0E3362 | I7: BDA1294 | J7: 2026/08/07 | K7: 2026/08/27
A8: TS61377149 | B8: 09月 | C8: 006 | D8: EGB6013E_EXP | E8: Ａｍａｄａ ｄｏ Ｂｒａｓｉｌ Ｌｔｄａ | F8: EGB6013E-E | G8: LZS+BIS | H8: 0E5525 | I8: BDH0579 | J8: 2026/08/08 | K8: 2026/08/29
A9: TS61377136 | B9: 09月 | C9: 007 | D9: EGB6013E | E9: エスティケイテクノロジー（株） | F9: EGB6013E-J | G9: STD | H9: 0E5494 | I9: 195980 | J9: 2026/08/18 | K9: 2026/08/28
A10: TS61377144 | B10: 09月 | C10: 008 | D10: EGB6013E | E10: （株）朝陽 | F10: EGB6013E-J | G10: STD | H10: 0E5494 | I10: 193788 | J10: 2026/08/19 | K10: 2026/08/29
A11: TS41077191 | B11: 09月 | C11: 009 | D11: EGB4010E | E11: （株）エスイージー | F11: EGB4010E-J | G11: LZS+BIS | H11: 0E3361 | I11: 195948 | J11: 2026/08/20 | K11: 2026/09/03
A12: TS41077205 | B12: 09月 | C12: 010 | D12: EGB4010E_EX | E12: 【ベトナム】Ho chi ming TC | F12: EGB4010E-E | G12: STD+LZS | H12: 0E3362 | I12: ASB0891 | J12: 2026/08/21 | K12: 2026/09/03
A13: TS41077192 | B13: 09月 | C13: 011 | D13: EGB4010E | E13: （株）土屋熔接 | F13: EGB4010E-J | G13: LZS+BIS | H13: 0E3361 | I13: 194890 | J13: 2026/08/22 | K13: 2026/09/05
A14: TS41077193 | B14: 09月 | C14: 012 | D14: EGB4010E | E14: （株）セイコウシャ | F14: EGB4010E-J | G14: LZS+BIS | H14: 0E3361 | I14: 195977 | J14: 2026/08/25 | K14: 2026/09/08
A15: TS61377146 | B15: 09月 | C15: 013 | D15: EGB6013E | E15: （株）アマダベンディングＳ部 | F15: EGB6013E-J | G15: STD | H15: 0E5494 | J15: 2026/08/26 | K15: 2026/09/08
A16: TS61377138 | B16: 09月 | C16: 014 | D16: EGB6013E | E16: （株）イトミック環境システム | F16: EGB6013E-J | G16: STD | H16: 0E5494 | I16: 194825 | J16: 2026/08/27 | K16: 2026/09/08
A17: TS61377139 | B17: 09月 | C17: 015 | D17: EGB6013E | E17: （株）朝陽 | F17: EGB6013E-J | G17: STD | H17: 0E5494 | I17: 193789 | J17: 2026/08/28 | K17: 2026/09/09
A18: TS60109099 | B18: 09月 | C18: 016 | D18: EGB6013RE | E18: （株）廣澤精機製作所 | F18: EGB6013RE-J | G18: STD | H18: 0E1241 | I18: EGBR099 | J18: 2026/08/29 | K18: 2026/09/19
A19: TS61377145 | B19: 09月 | C19: 017 | D19: EGB6013E | E19: （株）一関ＬＩＸＩＬ製作所 | F19: EGB6013E-J | G19: STD | H19: 0E5494 | I19: 195947 | J19: 2026/09/01 | K19: 2026/09/12
A20: TS61377148 | B20: 09月 | C20: 018 | D20: EGB6013E | E20: エスティケイテクノロジー（株） | F20: EGB6013E-J | G20: STD | H20: 0E5494 | I20: 195982 | J20: 2026/09/02 | K20: 2026/09/15
A21: TS60109100 | B21: 09月 | C21: 019 | D21: EGB6013RE | E21: （株）廣澤精機製作所 | F21: EGB6013RE-J | G21: STD | H21: 0E1241 | I21: EGBR100 | J21: 2026/09/05 | K21: 2026/09/30
A22: TS61377147 | B22: 09月 | C22: 020 | D22: EGB6013E | E22: エスティケイテクノロジー（株） | F22: EGB6013E-J | G22: STD | H22: 0E5494 | I22: 195981 | J22: 2026/09/05 | K22: 2026/09/18
A23: TS41077194 | B23: 09月 | C23: 021 | D23: EGB4010E | E23: 岡村機工（株） | F23: EGB4010E-J | G23: LZS+BIS | H23: 0E3361 | I23: 206033 | J23: 2026/09/08 | K23: 2026/09/25
A24: TS41077206 | B24: 09月 | C24: 022 | D24: EGB4010E_EX | E24: ＡＭＡＤＡ ＡＭＥＲＩＣＡ ＩＮＣ． | F24: EGB4010E-E | G24: STD+LZS | H24: 0E3362 | I24: BDA1306 | J24: 2026/09/09 | K24: 2026/09/25
A25: TS61377154 | B25: 09月 | C25: 023 | D25: EGB6013E_EXP | E25: 【インド】Jyoti CNC Automation Ltd | F25: EGB6013E-E | G25: LZS+BIS | H25: 0E5525 | I25: BDH0583 | J25: 2026/09/11 | K25: 2026/09/29
A26: TS41077209 | B26: 09月 | C26: 024 | D26: EGB4010E_EX | E26: ＡＭＡＤＡ ＡＭＥＲＩＣＡ ＩＮＣ． | F26: EGB4010E-E | G26: STD+LZS | H26: 0E3362 | I26: BDA1307 | J26: 2026/09/11 | K26: 2026/09/26
A27: TS61377153 | B27: 09月 | C27: 025 | D27: EGB6013E_EXP | E27: 【インド】Jyoti CNC Automation Ltd | F27: EGB6013E-E | G27: LZS+BIS | H27: 0E5525 | I27: BDH0582 | J27: 2026/09/12 | K27: 2026/09/30
... A29: TS41077208 | B29: 09月 | C29: 027 | D29: EGB4010E_EX | E29: ＡＭＡＤＡ ＴＡＩＷＡＮ ＩＮＣ． | F29: EGB4010E-E | G29: LZS+BIS | H29: 0E3362 | I29: TW0507 | J29: 2026/09/15 | K29: 2026/10/01
A30: TS41077212 | B30: 10月 | C30: 001 | D30: EGB4010E | E30: （株）アマダベンディングＳ部 | F30: EGB4010E-J | G30: LZS+BIS | H30: 0E3361 | J30: 2026/09/02 | K30: 2026/09/16
A31: TS41077213 | B31: 10月 | C31: 002 | D31: EGB4010E | E31: （株）アマダベンディングＳ部 | F31: EGB4010E-J | G31: LZS+BIS | H31: 0E3361 | J31: 2026/09/02 | K31: 2026/09/16
A32: TS60109107 | B32: 10月 | C32: 003 | D32: EGB6013RE | E32: 藤原金属（株） | F32: EGB6013RE-J | G32: STD | H32: 0E1241 | I32: EGBR101 | J32: 2026/09/02 | K32: 2026/09/19
A33: TS60109113 | B33: 10月 | C33: 004 | D33: EGB6013RE_EXP | E33: CHINA | F33: EGB6013RE-E | G33: STD | H33: 0E1244 | I33: CN0483 | J33: 2026/09/02 | K33: 2026/09/19
A34: TS60109106 | B34: 10月 | C34: 005 | D34: EGB6013RE | E34: （株）アマダベンディング自動化ＰＪ | F34: EGB6013RE-J | G34: STD | H34: 0E1241 | J34: 2026/09/09 | K34: 2026/09/30
A35: TS41077210 | B35: 10月 | C35: 006 | D35: EGB4010E_EX | E35: ＡＭＡＤＡ （ＵＫ） ＪＯＨＡＮＮＥＳＢ | F35: EGB4010E-E | G35: STD+LZS | H35: 0E3362 | I35: BDH0553 | J35: 2026/09/09 | K35: 2026/09/24
A36: TS41077211 | B36: 10月 | C36: 007 | D36: EGB4010E_EX | E36: ＡＭＡＤＡ （ＵＫ） ＪＯＨＡＮＮＥＳＢ | F36: EGB4010E-E | G36: STD+LZS | H36: 0E3362 | I36: BDH0554 | J36: 2026/09/09 | K36: 2026/09/24
A37: TS61377160 | B37: 10月 | C37: 008 | D37: EGB6013E | E37: （有）松岡製作所 | F37: EGB6013E-J | G37: STD | H37: 0E5494 | I37: 194870 | J37: 2026/09/15 | K37: 2026/09/16
A38: TS60109111 | B38: 10月 | C38: 009 | D38: EGB6013RE | E38: 大和テック（株） | F38: EGB6013RE-J | G38: STD | H38: 0E1241 | I38: EGBR102 | J38: 2026/09/15 | K38: 2026/09/16
A39: TS61377155 | B39: 10月 | C39: 010 | D39: EGB6013E_EXP | E39: ＡＭＡＤＡ ＡＭＥＲＩＣＡ ＩＮＣ． | F39: EGB6013E-E | G39: LZS+BIS | H39: 0E5525 | I39: BDA1301 | J39: 2026/09/15 | K39: 2026/09/16
A40: TS61377156 | B40: 10月 | C40: 011 | D40: EGB6013E_EXP | E40: ＡＭＡＤＡ ＡＭＥＲＩＣＡ ＩＮＣ． | F40: EGB6013E-E | G40: LZS+BIS | H40: 0E5525 | I40: BDA1302 | J40: 2026/09/15 | K40: 2026/09/16
A41: TS61377157 | B41: 10月 | C41: 012 | D41: EGB6013E_EXP | E41: ＡＭＡＤＡ ＣＡＮＡＤＡ ＬＴＤ． | F41: EGB6013E-E | G41: LZS+BIS | H41: 0E5525 | I41: BDA1346 | J41: 2026/09/15 | K41: 2026/09/16
A42: TS61377161 | B42: 10月 | C42: 013 | D42: EGB6013E | E42: （株）アマダベンディングＳ部 | F42: EGB6013E-J | G42: STD | H42: 0E5494 | J42: 2026/09/24 | K42: 2026/09/26
A43: TS60109112 | B43: 10月 | C43: 014 | D43: EGB6013RE_EXP | E43: ＡＭＡＤＡ ＡＭＥＲＩＣＡ ＩＮＣ． | F43: EGB6013RE-E | G43: STD | H43: 0E1244 | I43: BDA1333 | J43: 2026/09/24 | K43: 2026/09/25
A44: TS41077214 | B44: 10月 | C44: 015 | D44: EGB4010E | E44: （株）アマダベンディングＳ部 | F44: EGB4010E-J | G44: LZS+BIS | H44: 0E3361 | J44: 2026/09/24 | K44: 2026/09/26
A45: TS61377158 | B45: 10月 | C45: 016 | D45: EGB6013E_EXP | E45: ＡＭＡＤＡ ＡＭＥＲＩＣＡ ＩＮＣ． | F45: EGB6013E-E | G45: LZS+BIS | H45: 0E5525 | I45: BDA1341 | J45: 2026/09/24 | K45: 2026/09/26
A46: TS61377159 | B46: 10月 | C46: 017 | D46: EGB6013E_EXP | E46: ＡＭＡＤＡ ＡＭＥＲＩＣＡ ＩＮＣ． | F46: EGB6013E-E | G46: LZS+BIS | H46: 0E5525 | I46: BDA1342 | J46: 2026/09/24 | K46: 2026/09/26
A47: TS61377162 | B47: 10月 | C47: 018 | D47: EGB6013E | E47: （株）アマダベンディングＳ部 | F47: EGB6013E-J | G47: STD | H47: 0E5494 | J47: 2026/10/01 | K47: 2026/10/03
A48: TS41077215 | B48: 10月 | C48: 019 | D48: EGB4010E_EX | E48: ＡＭＡＤＡ ＡＭＥＲＩＣＡ ＩＮＣ． | F48: EGB4010E-E | G48: STD+LZS | H48: 0E3362 | I48: BDA1339 | J48: 2026/10/01 | K48: 2026/10/03
A49: TS41077216 | B49: 10月 | C49: 020 | D49: EGB4010E_EX | E49: ＡＭＡＤＡ ＡＭＥＲＩＣＡ ＩＮＣ． | F49: EGB4010E-E | G49: STD+LZS | H49: 0E3362 | I49: BDA1340 | J49: 2026/10/01 | K49: 2026/10/03
A50: TS60109115 | B50: 11月 | C50: 001 | D50: EGB6013RE | E50: （株）アマダベンディング自動化ＰＪ | F50: EGB6013RE-J | G50: STD | H50: 0E1241 | J50: 2026/09/24 | K50: 2026/09/25
A51: TS60109114 | B51: 11月 | C51: 002 | D51: EGB6013RE | E51: （株）秋田マシナリー | F51: EGB6013RE-J | G51: STD | H51: 0E1241 | I51: EGBR114 | J51: 2026/10/01 | K51: 2026/10/02
A52: TS61377166 | B52: 11月 | C52: 003 | D52: EGB6013E | E52: （株）アマダベンディングＳ部 | F52: EGB6013E-J | G52: STD | H52: 0E5494 | J52: 2026/10/07 | K52: 2026/10/09
A53: TS60109108 | B53: 11月 | C53: 004 | D53: EGB6013RE | E53: （株）山本製作所 | F53: EGB6013RE-J | G53: STD | H53: 0E1241 | I53: EGBR108 | J53: 2026/10/07 | K53: 2026/10/08
A54: TS61377163 | B54: 11月 | C54: 005 | D54: EGB6013E_EXP | E54: ＡＭＡＤＡ ＡＭＥＲＩＣＡ ＩＮＣ． | F54: EGB6013E-E | G54: LZS+BIS | H54: 0E5525 | I54: BDA1371 | J54: 2026/10/07 | K54: 2026/10/09
A55: TS61377164 | B55: 11月 | C55: 006 | D55: EGB6013E_EXP | E55: Ａｍａｄａ （Ｉｎｄｉａ） Ｐｖｔ． Ｌ | F55: EGB6013E-E | G55: LZS+BIS | H55: 0E5525 | I55: BDH0622 | J55: 2026/10/07 | K55: 2026/10/09
A56: TS60109117 | B56: 11月 | C56: 007 | D56: EGB6013RE_EXP | E56: 【ベトナム】Tanaka Vietnam Co., Ltd | F56: EGB6013RE-E | G56: STD | H56: 0E1244 | I56: ASB0913 | J56: 2026/10/07 | K56: 2026/10/08
A57: TS61377167 | B57: 11月 | C57: 008 | D57: EGB6013E | E57: （株）アマダベンディングＳ部 | F57: EGB6013E-J | G57: STD | H57: 0E5494 | J57: 2026/10/14 | K57: 2026/10/16
A58: TS61377168 | B58: 11月 | C58: 009 | D58: EGB6013E | E58: （株）アマダベンディングＳ部 | F58: EGB6013E-J | G58: STD | H58: 0E5494 | J58: 2026/10/14 | K58: 2026/10/16
A59: TS41077221 | B59: 11月 | C59: 010 | D59: EGB4010E_EX | E59: ＡＭＡＤＡ ＡＭＥＲＩＣＡ ＩＮＣ． | F59: EGB4010E-E | G59: STD+LZS | H59: 0E3362 | I59: BDA1369 | J59: 2026/10/14 | K59: 2026/10/16
A60: TS60109116 | B60: 11月 | C60: 011 | D60: EGB6013RE_EXP | E60: ＡＭＡＤＡ ＡＭＥＲＩＣＡ ＩＮＣ． | F60: EGB6013RE-E | G60: STD | H60: 0E1244 | I60: BDA1358 | J60: 2026/10/14 | K60: 2026/10/15
A61: TS60109118 | B61: 11月 | C61: 012 | D61: EGB6013RE_EXP | E61: ＡＭＡＤＡ ＡＭＥＲＩＣＡ ＩＮＣ． | F61: EGB6013RE-E | G61: STD | H61: 0E1244 | I61: BDA1359 | J61: 2026/10/14 | K61: 2026/10/15
A62: TS41077218 | B62: 11月 | C62: 013 | D62: EGB4010E | E62: （株）トーカイパネル | F62: EGB4010E-J | G62: LZS+BIS | H62: 0E3361 | I62: 194811 | J62: 2026/10/22 | K62: 2026/10/24
A63: TS41077220 | B63: 11月 | C63: 014 | D63: EGB4010E_EX | E63: ＡＭＡＤＡ ＴＡＩＷＡＮ ＩＮＣ． | F63: EGB4010E-E | G63: STD+LZS | H63: 0E3362 | I63: TW0532 | J63: 2026/10/22 | K63: 2026/10/24
A64: TS41077222 | B64: 11月 | C64: 015 | D64: EGB4010E_EX | E64: ＡＭＡＤＡ ＡＭＥＲＩＣＡ ＩＮＣ． | F64: EGB4010E-E | G64: STD+LZS | H64: 0E3362 | I64: BDA1370 | J64: 2026/10/22 | K64: 2026/10/24
A65: TS61377165 | B65: 11月 | C65: 016 | D65: EGB6013E_EXP | E65: ＡＭＡＤＡ ＣＡＮＡＤＡ ＬＴＤ． | F65: EGB6013E-E | G65: LZS+BIS | H65: 0E5525 | I65: BDA1365 | J65: 2026/10/22 | K65: 2026/10/24
A66: TS41077217 | B66: 11月 | C66: 017 | D66: EGB4010E | E66: （株）アマダベンディングＳ部 | F66: EGB4010E-J | G66: LZS+BIS | H66: 0E3361 | J66: 2026/10/28 | K66: 2026/10/30
A67: TS41077219 | B67: 11月 | C67: 018 | D67: EGB4010E | E67: （株）アマダベンディングＳ部 | F67: EGB4010E-J | G67: LZS+BIS | H67: 0E3361 | J67: 2026/10/28 | K67: 2026/10/30
A68: TS41077223 | B68: 12月 | C68: 001 | D68: EGB4010E | E68: 愛媛県立愛媛中央産業技術専門校 | F68: EGB4010E-J | G68: LZS+BIS | H68: 0E3361 | I68: 206035 | J68: 2026/11/17 | K68: 2026/11/28
A69: TS41077224 | B69: 12月 | C69: 002 | D69: EGB4010E | E69: （株）モハラテクニカ | F69: EGB4010E-J | G69: LZS+BIS | H69: 0E3361 | I69: 195918 | J69: 2026/11/18 | K69: 2026/12/01
A70: TS60109109 | B70: 12月 | C70: 003 | D70: EGB6013RE | E70: （株）エスイージー | F70: EGB6013RE-J | G70: STD | H70: 0E1241 | I70: EGBR109 | J70: 2026/11/18 | K70: 2026/12/04
A71: TS41077227 | B71: 12月 | C71: 004 | D71: EGB4010E_EX | E71: 【ベトナム】NISSIN | F71: EGB4010E-E | G71: STD+LZS | H71: 0E3362 | I71: ASB0926 | J71: 2026/11/19 | K71: 2026/12/01
A72: TS41077225 | B72: 12月 | C72: 005 | D72: EGB4010E | F72: EGB4010E-J | G72: LZS+BIS | H72: 0E3361 | J72: 2026/11/21 | K72: 2026/12/04
A73: TS60109119 | B73: 12月 | C73: 006 | D73: EGB6013RE | E73: （株）新生工業 | F73: EGB6013RE-J | G73: STD | H73: 0E1241 | I73: EGBR119 | J73: 2026/11/24 | K73: 2026/12/10
A74: TS41077226 | B74: 12月 | C74: 007 | D74: EGB4010E | E74: 6/5:増産 | F74: EGB4010E-J | G74: LZS+BIS | H74: 0E3361 | J74: 2026/11/24 | K74: 2026/12/05
A75: TS41077228 | B75: 12月 | C75: 008 | D75: EGB4010E_EX | E75: 【ベトナム】NISSIN | F75: EGB4010E-E | G75: STD+LZS | H75: 0E3362 | I75: ASB0927 | J75: 2026/11/26 | K75: 2026/12/08
A76: TS61377169 | B76: 12月 | C76: 009 | D76: EGB6013E_EXP | E76: ＡＭＡＤＡ ＡＭＥＲＩＣＡ ＩＮＣ． | F76: EGB6013E-E | G76: LZS+BIS | H76: 0E5525 | I76: BDA1395 | J76: 2026/11/27 | K76: 2026/12/10
A77: TS61377170 | B77: 12月 | C77: 010 | D77: EGB6013E_EXP | E77: ＡＭＡＤＡ ＡＭＥＲＩＣＡ ＩＮＣ． | F77: EGB6013E-E | G77: LZS+BIS | H77: 0E5525 | I77: BDA1396 | J77: 2026/11/28 | K77: 2026/12/11
A78: TS60109120 | B78: 12月 | C78: 011 | D78: EGB6013RE | E78: （株）ＳＡＮＭＡＴＳＵ | F78: EGB6013RE-J | G78: STD | H78: 0E1241 | I78: EGBR123 | J78: 2026/12/01 | K78: 2026/12/17
A79: TS60109121 | B79: 12月 | C79: 012 | D79: EGB6013RE_EXP | E79: CHINA | F79: EGB6013RE-E | G79: STD | H79: 0E1244 | I79: CN0509 | J79: 2026/12/01 | K79: 2026/12/17
A80: TS61377171 | B80: 12月 | C80: 013 | D80: EGB6013E_EXP | E80: ＡＭＡＤＡ ＡＭＥＲＩＣＡ ＩＮＣ． | F80: EGB6013E-E | G80: LZS+BIS | H80: 0E5525 | I80: BDA1397 | J80: 2026/12/02 | K80: 2026/12/15
A81: TS41077229 | B81: 12月 | C81: 014 | D81: EGB4010E_EX | E81: ＡＭＡＤＡ ＴＡＩＷＡＮ ＩＮＣ． | F81: EGB4010E-E | G81: STD+LZS | H81: 0E3362 | I81: TW0537 | J81: 2026/12/04 | K81: 2026/12/16
A82: TS60109122 | B82: 12月 | C82: 015 | D82: EGB6013RE_EXP | E82: ＡＭＡＤＡ ＣＡＮＡＤＡ ＬＴＤ． | F82: EGB6013RE-E | G82: STD | H82: 0E1244 | I82: BDA1387 | J82: 2026/12/05 | K82: 2026/12/23
A83: TS41077230 | B83: 12月 | C83: 016 | D83: EGB4010E_EX | E83: ＡＭＡＤＡ ＡＭＥＲＩＣＡ ＩＮＣ． | F83: EGB4010E-E | G83: STD+LZS | H83: 0E3362 | I83: BDA1393 | J83: 2026/12/08 | K83: 2026/12/18
A84: TS41077231 | B84: 12月 | C84: 017 | D84: EGB4010E_EX | E84: ＡＭＡＤＡ ＡＭＥＲＩＣＡ ＩＮＣ． | F84: EGB4010E-E | G84: STD+LZS | H84: 0E3362 | I84: BDA1394 | J84: 2026/12/10 | K84: 2026/12/22
A85: TS61377172 | B85: 12月 | C85: 018 | D85: EGB6013E | F85: EGB6013E-J | G85: STD | H85: 0E5494 | J85: 2026/12/11 | K85: 2026/12/22
A86: TS61377173 | B86: 12月 | C86: 019 | D86: EGB6013E | E86: 日本プレート精工（株） | F86: EGB6013E-J | G86: STD | H86: 0E5494 | I86: 195994 | J86: 2026/12/15 | K86: 2026/12/24

Sheet (新)EG
A1: Ｓｅｒ． | B1: 生産月 | C1: Ｎｏ． | D1: 機種名 | E1: 顧客 | F1: 仕様機種名 | G1: 仕様分類 | H1: 機種品番 | I1: 確定仕様書NO | J1: 着手日 | K1: 完成予定日
A3: TS60109102 | B3: 10月 | C3: 001 | D3: EGB6013RE | E3: （株）山陽工作所 | F3: EGB6013RE-J | G3: STD | H3: 0E1241 | I3: EGBR106 | J3: 2026/08/04 | K3: 2026/08/06
A4: TS61377146 | B4: 10月 | C4: 002 | D4: EGB6013E | E4: （株）青山製作所 | F4: EGB6013E-J | G4: STD | H4: 0E5494 | I4: 206088 | J4: 2026/08/26 | K4: 2026/08/28
A5: TS41077212 | B5: 10月 | C5: 003 | D5: EGB4010E | E5: （株）アマダベンディングＳ部 | F5: EGB4010E-J | G5: LZS+BIS | H5: 0E3361 | J5: 2026/09/02 | K5: 2026/09/16
A6: TS41077213 | B6: 10月 | C6: 004 | D6: EGB4010E | E6: （株）アマダベンディングＳ部 | F6: EGB4010E-J | G6: LZS+BIS | H6: 0E3361 | J6: 2026/09/02 | K6: 2026/09/16
A7: TS60109107 | B7: 10月 | C7: 005 | D7: EGB6013RE | E7: 大和テック（株） | F7: EGB6013RE-J | G7: STD | H7: 0E1241 | I7: EGBR102 | J7: 2026/09/02 | K7: 2026/09/19
A8: TS60109113 | B8: 10月 | C8: 006 | D8: EGB6013RE_EXP | E8: CHINA | F8: EGB6013RE-E | G8: STD | H8: 0E1244 | I8: CN0483 | J8: 2026/09/02 | K8: 2026/09/19
A9: TS41077194 | B9: 10月 | C9: 007 | D9: EGB4010E | E9: 岡村機工（株） | F9: EGB4010E-J | G9: LZS+BIS | H9: 0E3361 | I9: 206033 | J9: 2026/09/08 | K9: 2026/09/11
A10: TS60109106 | B10: 10月 | C10: 008 | D10: EGB6013RE | E10: （株）アマダベンディング自動化ＰＪ | F10: EGB6013RE-J | G10: STD | H10: 0E1241 | J10: 2026/09/09 | K10: 2026/09/30
A11: TS41077206 | B11: 10月 | C11: 009 | D11: EGB4010E_EX | E11: ＡＭＡＤＡ ＡＭＥＲＩＣＡ ＩＮＣ． | F11: EGB4010E-E | G11: STD+LZS | H11: 0E3362 | I11: BDA1306 | J11: 2026/09/09 | K11: 2026/09/12
A12: TS41077210 | B12: 10月 | C12: 010 | D12: EGB4010E_EX | E12: ＡＭＡＤＡ （ＵＫ） ＪＯＨＡＮＮＥＳＢ | F12: EGB4010E-E | G12: STD+LZS | H12: 0E3362 | I12: BDH0553 | J12: 2026/09/09 | K12: 2026/09/24
A13: TS41077211 | B13: 10月 | C13: 011 | D13: EGB4010E_EX | E13: ＡＭＡＤＡ （ＵＫ） ＪＯＨＡＮＮＥＳＢ | F13: EGB4010E-E | G13: STD+LZS | H13: 0E3362 | I13: BDH0554 | J13: 2026/09/09 | K13: 2026/09/24
A14: TS41077209 | B14: 10月 | C14: 012 | D14: EGB4010E_EX | E14: ＡＭＡＤＡ ＡＭＥＲＩＣＡ ＩＮＣ． | F14: EGB4010E-E | G14: STD+LZS | H14: 0E3362 | I14: BDA1307 | J14: 2026/09/11 | K14: 2026/09/15
A15: TS61377160 | B15: 10月 | C15: 013 | D15: EGB6013E | E15: （有）松岡製作所 | F15: EGB6013E-J | G15: STD | H15: 0E5494 | I15: 194870 | J15: 2026/09/15 | K15: 2026/09/16
A16: TS60109111 | B16: 10月 | C16: 014 | D16: EGB6013RE | E16: （株）山一金属製作所 | F16: EGB6013RE-J | G16: STD | H16: 0E1241 | I16: EGBR094 | J16: 2026/09/15 | K16: 2026/09/16
A17: TS61377155 | B17: 10月 | C17: 015 | D17: EGB6013E_EXP | E17: ＡＭＡＤＡ ＡＭＥＲＩＣＡ ＩＮＣ． | F17: EGB6013E-E | G17: LZS+BIS | H17: 0E5525 | I17: BDA1301 | J17: 2026/09/15 | K17: 2026/09/16
A18: TS61377156 | B18: 10月 | C18: 016 | D18: EGB6013E_EXP | E18: ＡＭＡＤＡ ＡＭＥＲＩＣＡ ＩＮＣ． | F18: EGB6013E-E | G18: LZS+BIS | H18: 0E5525 | I18: BDA1302 | J18: 2026/09/15 | K18: 2026/09/16
A19: TS61377157 | B19: 10月 | C19: 017 | D19: EGB6013E_EXP | E19: ＡＭＡＤＡ ＣＡＮＡＤＡ ＬＴＤ． | F19: EGB6013E-E | G19: LZS+BIS | H19: 0E5525 | I19: BDA1346 | J19: 2026/09/15 | K19: 2026/09/16
A20: TS41077207 | B20: 10月 | C20: 018 | D20: EGB4010E_EX | E20: CHINA | F20: EGB4010E-E | G20: LZS+BIS | H20: 0E3362 | I20: CN0480 | J20: 2026/09/15 | K20: 2026/09/17
A21: TS41077208 | B21: 10月 | C21: 019 | D21: EGB4010E_EX | E21: ＡＭＡＤＡ ＴＡＩＷＡＮ ＩＮＣ． | F21: EGB4010E-E | G21: LZS+BIS | H21: 0E3362 | I21: TW0507 | J21: 2026/09/15 | K21: 2026/09/17
A22: TS61377161 | B22: 10月 | C22: 020 | D22: EGB6013E | E22: （株）アマダベンディングＳ部 | F22: EGB6013E-J | G22: STD | H22: 0E5494 | J22: 2026/09/24 | K22: 2026/09/26
A23: TS60109112 | B23: 10月 | C23: 021 | D23: EGB6013RE_EXP | E23: ＡＭＡＤＡ ＡＭＥＲＩＣＡ ＩＮＣ． | F23: EGB6013RE-E | G23: STD | H23: 0E1244 | I23: BDA1333 | J23: 2026/09/24 | K23: 2026/09/25
A24: TS41077214 | B24: 10月 | C24: 022 | D24: EGB4010E | E24: （株）アマダベンディングＳ部 | F24: EGB4010E-J | G24: LZS+BIS | H24: 0E3361 | J24: 2026/09/24 | K24: 2026/09/26
A25: TS61377158 | B25: 10月 | C25: 023 | D25: EGB6013E_EXP | E25: ＡＭＡＤＡ ＡＭＥＲＩＣＡ ＩＮＣ． | F25: EGB6013E-E | G25: LZS+BIS | H25: 0E5525 | I25: BDA1341 | J25: 2026/09/24 | K25: 2026/09/26
A26: TS61377159 | B26: 10月 | C26: 024 | D26: EGB6013E_EXP | E26: ＡＭＡＤＡ ＡＭＥＲＩＣＡ ＩＮＣ． | F26: EGB6013E-E | G26: LZS+BIS | H26: 0E5525 | I26: BDA1342 | J26: 2026/09/24 | K26: 2026/09/26
A27: TS61377162 | B27: 10月 | C27: 025 | D27: EGB6013E | E27: （株）アマダベンディングＳ部 | F27: EGB6013E-J | G27: STD | H27: 0E5494 | J27: 2026/10/01 | K27: 2026/10/03
A28: TS41077215 | B28: 10月 | C28: 026 | D28: EGB4010E_EX | E28: ＡＭＡＤＡ ＡＭＥＲＩＣＡ ＩＮＣ． | F28: EGB4010E-E | G28: STD+LZS | H28: 0E3362 | I28: BDA1339 | J28: 2026/10/01 | K28: 2026/10/03
A29: TS41077216 | B29: 10月 | C29: 027 | D29: EGB4010E_EX | E29: ＡＭＡＤＡ ＡＭＥＲＩＣＡ ＩＮＣ． | F29: EGB4010E-E | G29: STD+LZS | H29: 0E3362 | I29: BDA1340 | J29: 2026/10/01 | K29: 2026/10/03
A30: TS60109115 | B30: 11月 | C30: 001 | D30: EGB6013RE | E30: 楠田金属（株） | F30: EGB6013RE-J | G30: STD | H30: 0E1241 | I30: EGBR115 | J30: 2026/09/24 | K30: 2026/09/25
A31: TS60109114 | B31: 11月 | C31: 002 | D31: EGB6013RE | E31: （株）秋田マシナリー | F31: EGB6013RE-J | G31: STD | H31: 0E1241 | I31: EGBR114 | J31: 2026/10/01 | K31: 2026/10/02
A32: TS61377166 | B32: 11月 | C32: 003 | D32: EGB6013E | E32: （株）アマダベンディングＳ部 | F32: EGB6013E-J | G32: STD | H32: 0E5494 | J32: 2026/10/07 | K32: 2026/10/09
A33: TS60109108 | B33: 11月 | C33: 004 | D33: EGB6013RE | E33: （株）山本製作所 | F33: EGB6013RE-J | G33: STD | H33: 0E1241 | I33: EGBR108 | J33: 2026/10/07 | K33: 2026/10/08
A34: TS61377163 | B34: 11月 | C34: 005 | D34: EGB6013E_EXP | E34: ＡＭＡＤＡ ＡＭＥＲＩＣＡ ＩＮＣ． | F34: EGB6013E-E | G34: LZS+BIS | H34: 0E5525 | I34: BDA1371 | J34: 2026/10/07 | K34: 2026/10/09
A35: TS61377164 | B35: 11月 | C35: 006 | D35: EGB6013E_EXP | E35: Ａｍａｄａ （Ｉｎｄｉａ） Ｐｖｔ． Ｌ | F35: EGB6013E-E | G35: LZS+BIS | H35: 0E5525 | I35: BDH0622 | J35: 2026/10/07 | K35: 2026/10/09
A36: TS60109117 | B36: 11月 | C36: 007 | D36: EGB6013RE_EXP | E36: 【ベトナム】Tanaka Vietnam Co., Ltd | F36: EGB6013RE-E | G36: STD | H36: 0E1244 | I36: ASB0913 | J36: 2026/10/07 | K36: 2026/10/08
A37: TS61377167 | B37: 11月 | C37: 008 | D37: EGB6013E | E37: （株）アマダベンディングＳ部 | F37: EGB6013E-J | G37: STD | H37: 0E5494 | J37: 2026/10/14 | K37: 2026/10/16
A38: TS61377168 | B38: 11月 | C38: 009 | D38: EGB6013E | E38: （株）アマダベンディングＳ部 | F38: EGB6013E-J | G38: STD | H38: 0E5494 | J38: 2026/10/14 | K38: 2026/10/16
A39: TS41077221 | B39: 11月 | C39: 010 | D39: EGB4010E_EX | E39: ＡＭＡＤＡ ＡＭＥＲＩＣＡ ＩＮＣ． | F39: EGB4010E-E | G39: STD+LZS | H39: 0E3362 | I39: BDA1369 | J39: 2026/10/14 | K39: 2026/10/16
A40: TS60109116 | B40: 11月 | C40: 011 | D40: EGB6013RE_EXP | E40: ＡＭＡＤＡ ＡＭＥＲＩＣＡ ＩＮＣ． | F40: EGB6013RE-E | G40: STD | H40: 0E1244 | I40: BDA1358 | J40: 2026/10/14 | K40: 2026/10/15
A41: TS60109118 | B41: 11月 | C41: 012 | D41: EGB6013RE_EXP | E41: ＡＭＡＤＡ ＡＭＥＲＩＣＡ ＩＮＣ． | F41: EGB6013RE-E | G41: STD | H41: 0E1244 | I41: BDA1359 | J41: 2026/10/14 | K41: 2026/10/15
A42: TS41077218 | B42: 11月 | C42: 013 | D42: EGB4010E | E42: （株）トーカイパネル | F42: EGB4010E-J | G42: LZS+BIS | H42: 0E3361 | I42: 194811 | J42: 2026/10/22 | K42: 2026/10/24
A43: TS41077220 | B43: 11月 | C43: 014 | D43: EGB4010E_EX | E43: ＡＭＡＤＡ ＴＡＩＷＡＮ ＩＮＣ． | F43: EGB4010E-E | G43: STD+LZS | H43: 0E3362 | I43: TW0532 | J43: 2026/10/22 | K43: 2026/10/24
A44: TS41077222 | B44: 11月 | C44: 015 | D44: EGB4010E_EX | E44: ＡＭＡＤＡ ＡＭＥＲＩＣＡ ＩＮＣ． | F44: EGB4010E-E | G44: STD+LZS | H44: 0E3362 | I44: BDA1370 | J44: 2026/10/22 | K44: 2026/10/24
A45: TS61377165 | B45: 11月 | C45: 016 | D45: EGB6013E_EXP | E45: ＡＭＡＤＡ ＣＡＮＡＤＡ ＬＴＤ． | F45: EGB6013E-E | G45: LZS+BIS | H45: 0E5525 | I45: BDA1365 | J45: 2026/10/22 | K45: 2026/10/24
A46: TS41077217 | B46: 11月 | C46: 017 | D46: EGB4010E | E46: （株）アマダベンディングＳ部 | F46: EGB4010E-J | G46: LZS+BIS | H46: 0E3361 | J46: 2026/10/28 | K46: 2026/10/30
A47: TS41077219 | B47: 11月 | C47: 018 | D47: EGB4010E | E47: （株）アマダベンディングＳ部 | F47: EGB4010E-J | G47: LZS+BIS | H47: 0E3361 | J47: 2026/10/28 | K47: 2026/10/30
A48: TS41077223 | B48: 12月 | C48: 001 | D48: EGB4010E | E48: 愛媛県立愛媛中央産業技術専門校 | F48: EGB4010E-J | G48: LZS+BIS | H48: 0E3361 | I48: 206035 | J48: 2026/11/17 | K48: 2026/11/28
A49: TS41077224 | B49: 12月 | C49: 002 | D49: EGB4010E | E49: （株）モハラテクニカ | F49: EGB4010E-J | G49: LZS+BIS | H49: 0E3361 | I49: 195918 | J49: 2026/11/18 | K49: 2026/12/01
A50: TS60109109 | B50: 12月 | C50: 003 | D50: EGB6013RE | E50: （株）エスイージー | F50: EGB6013RE-J | G50: STD | H50: 0E1241 | I50: EGBR109 | J50: 2026/11/18 | K50: 2026/12/04
A51: TS41077227 | B51: 12月 | C51: 004 | D51: EGB4010E_EX | E51: 【ベトナム】NISSIN | F51: EGB4010E-E | G51: STD+LZS | H51: 0E3362 | I51: ASB0926 | J51: 2026/11/19 | K51: 2026/12/01
A52: TS41077225 | B52: 12月 | C52: 005 | D52: EGB4010E | E52: スター工業（株） | F52: EGB4010E-J | G52: LZS+BIS | H52: 0E3361 | I52: 206048 | J52: 2026/11/21 | K52: 2026/12/04
A53: TS60109119 | B53: 12月 | C53: 006 | D53: EGB6013RE | E53: （株）新生工業 | F53: EGB6013RE-J | G53: STD | H53: 0E1241 | I53: EGBR119 | J53: 2026/11/24 | K53: 2026/12/10
A54: TS41077226 | B54: 12月 | C54: 007 | D54: EGB4010E | E54: （株）アマダベンディングＳ部 | F54: EGB4010E-J | G54: LZS+BIS | H54: 0E3361 | J54: 2026/11/24 | K54: 2026/12/05
A55: TS41077228 | B55: 12月 | C55: 008 | D55: EGB4010E_EX | E55: 【ベトナム】NISSIN | F55: EGB4010E-E | G55: STD+LZS | H55: 0E3362 | I55: ASB0927 | J55: 2026/11/26 | K55: 2026/12/08
A56: TS61377169 | B56: 12月 | C56: 009 | D56: EGB6013E_EXP | E56: ＡＭＡＤＡ ＡＭＥＲＩＣＡ ＩＮＣ． | F56: EGB6013E-E | G56: LZS+BIS | H56: 0E5525 | I56: BDA1395 | J56: 2026/11/27 | K56: 2026/12/10
A57: TS61377170 | B57: 12月 | C57: 010 | D57: EGB6013E_EXP | E57: ＡＭＡＤＡ ＡＭＥＲＩＣＡ ＩＮＣ． | F57: EGB6013E-E | G57: LZS+BIS | H57: 0E5525 | I57: BDA1396 | J57: 2026/11/28 | K57: 2026/12/11
A58: TS60109120 | B58: 12月 | C58: 011 | D58: EGB6013RE | E58: （株）ＳＡＮＭＡＴＳＵ | F58: EGB6013RE-J | G58: STD | H58: 0E1241 | I58: EGBR123 | J58: 2026/12/01 | K58: 2026/12/17
A59: TS60109121 | B59: 12月 | C59: 012 | D59: EGB6013RE_EXP | E59: CHINA | F59: EGB6013RE-E | G59: STD | H59: 0E1244 | I59: CN0509 | J59: 2026/12/01 | K59: 2026/12/17
A60: TS61377171 | B60: 12月 | C60: 013 | D60: EGB6013E_EXP | E60: ＡＭＡＤＡ ＡＭＥＲＩＣＡ ＩＮＣ． | F60: EGB6013E-E | G60: LZS+BIS | H60: 0E5525 | I60: BDA1397 | J60: 2026/12/02 | K60: 2026/12/15
A61: TS41077229 | B61: 12月 | C61: 014 | D61: EGB4010E_EX | E61: ＡＭＡＤＡ ＴＡＩＷＡＮ ＩＮＣ． | F61: EGB4010E-E | G61: STD+LZS | H61: 0E3362 | I61: TW0537 | J61: 2026/12/04 | K61: 2026/12/16
A62: TS60109122 | B62: 12月 | C62: 015 | D62: EGB6013RE_EXP | E62: ＡＭＡＤＡ ＣＡＮＡＤＡ ＬＴＤ． | F62: EGB6013RE-E | G62: STD | H62: 0E1244 | I62: BDA1387 | J62: 2026/12/05 | K62: 2026/12/23
A63: TS41077230 | B63: 12月 | C63: 016 | D63: EGB4010E_EX | E63: ＡＭＡＤＡ ＡＭＥＲＩＣＡ ＩＮＣ． | F63: EGB4010E-E | G63: STD+LZS | H63: 0E3362 | I63: BDA1393 | J63: 2026/12/08 | K63: 2026/12/18
A64: TS41077231 | B64: 12月 | C64: 017 | D64: EGB4010E_EX | E64: ＡＭＡＤＡ ＡＭＥＲＩＣＡ ＩＮＣ． | F64: EGB4010E-E | G64: STD+LZS | H64: 0E3362 | I64: BDA1394 | J64: 2026/12/10 | K64: 2026/12/22
A65: TS61377172 | B65: 12月 | C65: 018 | D65: EGB6013E | E65: （有）三光製作所 | F65: EGB6013E-J | G65: STD | H65: 0E5494 | I65: 206056 | J65: 2026/12/11 | K65: 2026/12/22
A66: TS61377173 | B66: 12月 | C66: 019 | D66: EGB6013E | E66: 日本プレート精工（株） | F66: EGB6013E-J | G66: STD | H66: 0E5494 | I66: 195994 | J66: 2026/12/15 | K66: 2026/12/24

Sheet EG対照表
A1: NO | B1: 生産月 | C1: 機種名 | D1: 客先名 | E1: シリアルNo | F1: 機種品番 | G1: 着手日(変更前) | I1: 着手日(変更後)
A2: 1 | B2: =IFERROR(VLOOKUP(E2,'(新)EG'!$A$3:$K$84,2,0),"") -> 10月 | C2: =IFERROR(VLOOKUP(E2,'(新)EG'!$A$3:$K$84,4,0),"") -> EGB6013RE | D2: =IFERROR(VLOOKUP(E2,'(新)EG'!$A$3:$K$84,5,0),"") -> （株）山陽工作所 | E2: ='(新)EG'!$A3 -> TS60109102 | F2: =IFERROR(VLOOKUP(E2,'(新)EG'!$A$3:$K$84,8,0),"") -> 0E1241 | G2: =IFERROR(VLOOKUP(E2,'(旧)EG'!$A$3:$K$100,10,0),"") -> 2026/08/04 | H2: ⇒ | I2: =IFERROR(VLOOKUP(E2,'(新)EG'!$A$3:$K$84,10,0),"") -> 2026/08/04
A3: 2 | B3: =IFERROR(VLOOKUP(E3,'(新)EG'!$A$3:$K$84,2,0),"") -> 10月 | C3: =IFERROR(VLOOKUP(E3,'(新)EG'!$A$3:$K$84,4,0),"") -> EGB6013E | D3: =IFERROR(VLOOKUP(E3,'(新)EG'!$A$3:$K$84,5,0),"") -> （株）青山製作所 | E3: ='(新)EG'!$A4 -> TS61377146 | F3: =IFERROR(VLOOKUP(E3,'(新)EG'!$A$3:$K$84,8,0),"") -> 0E5494 | G3: =IFERROR(VLOOKUP(E3,'(旧)EG'!$A$3:$K$100,10,0),"") -> 2026/08/26 | H3: ⇒ | I3: =IFERROR(VLOOKUP(E3,'(新)EG'!$A$3:$K$84,10,0),"") -> 2026/08/26
A4: 3 | B4: =IFERROR(VLOOKUP(E4,'(新)EG'!$A$3:$K$84,2,0),"") -> 10月 | C4: =IFERROR(VLOOKUP(E4,'(新)EG'!$A$3:$K$84,4,0),"") -> EGB4010E | D4: =IFERROR(VLOOKUP(E4,'(新)EG'!$A$3:$K$84,5,0),"") -> （株）アマダベンディングＳ部 | E4: ='(新)EG'!$A5 -> TS41077212 | F4: =IFERROR(VLOOKUP(E4,'(新)EG'!$A$3:$K$84,8,0),"") -> 0E3361 | G4: =IFERROR(VLOOKUP(E4,'(旧)EG'!$A$3:$K$100,10,0),"") -> 2026/09/02 | H4: ⇒ | I4: =IFERROR(VLOOKUP(E4,'(新)EG'!$A$3:$K$84,10,0),"") -> 2026/09/02
A5: 4 | B5: =IFERROR(VLOOKUP(E5,'(新)EG'!$A$3:$K$84,2,0),"") -> 10月 | C5: =IFERROR(VLOOKUP(E5,'(新)EG'!$A$3:$K$84,4,0),"") -> EGB4010E | D5: =IFERROR(VLOOKUP(E5,'(新)EG'!$A$3:$K$84,5,0),"") -> （株）アマダベンディングＳ部 | E5: ='(新)EG'!$A6 -> TS41077213 | F5: =IFERROR(VLOOKUP(E5,'(新)EG'!$A$3:$K$84,8,0),"") -> 0E3361 | G5: =IFERROR(VLOOKUP(E5,'(旧)EG'!$A$3:$K$100,10,0),"") -> 2026/09/02 | H5: ⇒ | I5: =IFERROR(VLOOKUP(E5,'(新)EG'!$A$3:$K$84,10,0),"") -> 2026/09/02
A6: 5 | B6: =IFERROR(VLOOKUP(E6,'(新)EG'!$A$3:$K$84,2,0),"") -> 10月 | C6: =IFERROR(VLOOKUP(E6,'(新)EG'!$A$3:$K$84,4,0),"") -> EGB6013RE | D6: =IFERROR(VLOOKUP(E6,'(新)EG'!$A$3:$K$84,5,0),"") -> 大和テック（株） | E6: ='(新)EG'!$A7 -> TS60109107 | F6: =IFERROR(VLOOKUP(E6,'(新)EG'!$A$3:$K$84,8,0),"") -> 0E1241 | G6: =IFERROR(VLOOKUP(E6,'(旧)EG'!$A$3:$K$100,10,0),"") -> 2026/09/02 | H6: ⇒ | I6: =IFERROR(VLOOKUP(E6,'(新)EG'!$A$3:$K$84,10,0),"") -> 2026/09/02
A7: 6 | B7: =IFERROR(VLOOKUP(E7,'(新)EG'!$A$3:$K$84,2,0),"") -> 10月 | C7: =IFERROR(VLOOKUP(E7,'(新)EG'!$A$3:$K$84,4,0),"") -> EGB6013RE_EXP | D7: =IFERROR(VLOOKUP(E7,'(新)EG'!$A$3:$K$84,5,0),"") -> CHINA | E7: ='(新)EG'!$A8 -> TS60109113 | F7: =IFERROR(VLOOKUP(E7,'(新)EG'!$A$3:$K$84,8,0),"") -> 0E1244 | G7: =IFERROR(VLOOKUP(E7,'(旧)EG'!$A$3:$K$100,10,0),"") -> 2026/09/02 | H7: ⇒ | I7: =IFERROR(VLOOKUP(E7,'(新)EG'!$A$3:$K$84,10,0),"") -> 2026/09/02
A8: 7 | B8: =IFERROR(VLOOKUP(E8,'(新)EG'!$A$3:$K$84,2,0),"") -> 10月 | C8: =IFERROR(VLOOKUP(E8,'(新)EG'!$A$3:$K$84,4,0),"") -> EGB4010E | D8: =IFERROR(VLOOKUP(E8,'(新)EG'!$A$3:$K$84,5,0),"") -> 岡村機工（株） | E8: ='(新)EG'!$A9 -> TS41077194 | F8: =IFERROR(VLOOKUP(E8,'(新)EG'!$A$3:$K$84,8,0),"") -> 0E3361 | G8: =IFERROR(VLOOKUP(E8,'(旧)EG'!$A$3:$K$100,10,0),"") -> 2026/09/08 | H8: ⇒ | I8: =IFERROR(VLOOKUP(E8,'(新)EG'!$A$3:$K$84,10,0),"") -> 2026/09/08
A9: 8 | B9: =IFERROR(VLOOKUP(E9,'(新)EG'!$A$3:$K$84,2,0),"") -> 10月 | C9: =IFERROR(VLOOKUP(E9,'(新)EG'!$A$3:$K$84,4,0),"") -> EGB6013RE | D9: =IFERROR(VLOOKUP(E9,'(新)EG'!$A$3:$K$84,5,0),"") -> （株）アマダベンディング自動化ＰＪ | E9: ='(新)EG'!$A10 -> TS60109106 | F9: =IFERROR(VLOOKUP(E9,'(新)EG'!$A$3:$K$84,8,0),"") -> 0E1241 | G9: =IFERROR(VLOOKUP(E9,'(旧)EG'!$A$3:$K$100,10,0),"") -> 2026/09/09 | H9: ⇒ | I9: =IFERROR(VLOOKUP(E9,'(新)EG'!$A$3:$K$84,10,0),"") -> 2026/09/09
A10: 9 | B10: =IFERROR(VLOOKUP(E10,'(新)EG'!$A$3:$K$84,2,0),"") -> 10月 | C10: =IFERROR(VLOOKUP(E10,'(新)EG'!$A$3:$K$84,4,0),"") -> EGB4010E_EX | D10: =IFERROR(VLOOKUP(E10,'(新)EG'!$A$3:$K$84,5,0),"") -> ＡＭＡＤＡ ＡＭＥＲＩＣＡ ＩＮＣ． | E10: ='(新)EG'!$A11 -> TS41077206 | F10: =IFERROR(VLOOKUP(E10,'(新)EG'!$A$3:$K$84,8,0),"") -> 0E3362 | G10: =IFERROR(VLOOKUP(E10,'(旧)EG'!$A$3:$K$100,10,0),"") -> 2026/09/09 | H10: ⇒ | I10: =IFERROR(VLOOKUP(E10,'(新)EG'!$A$3:$K$84,10,0),"") -> 2026/09/09
A11: 10 | B11: =IFERROR(VLOOKUP(E11,'(新)EG'!$A$3:$K$84,2,0),"") -> 10月 | C11: =IFERROR(VLOOKUP(E11,'(新)EG'!$A$3:$K$84,4,0),"") -> EGB4010E_EX | D11: =IFERROR(VLOOKUP(E11,'(新)EG'!$A$3:$K$84,5,0),"") -> ＡＭＡＤＡ （ＵＫ） ＪＯＨＡＮＮＥＳＢ | E11: ='(新)EG'!$A12 -> TS41077210 | F11: =IFERROR(VLOOKUP(E11,'(新)EG'!$A$3:$K$84,8,0),"") -> 0E3362 | G11: =IFERROR(VLOOKUP(E11,'(旧)EG'!$A$3:$K$100,10,0),"") -> 2026/09/09 | H11: ⇒ | I11: =IFERROR(VLOOKUP(E11,'(新)EG'!$A$3:$K$84,10,0),"") -> 2026/09/09
A12: 11 | B12: =IFERROR(VLOOKUP(E12,'(新)EG'!$A$3:$K$84,2,0),"") -> 10月 | C12: =IFERROR(VLOOKUP(E12,'(新)EG'!$A$3:$K$84,4,0),"") -> EGB4010E_EX | D12: =IFERROR(VLOOKUP(E12,'(新)EG'!$A$3:$K$84,5,0),"") -> ＡＭＡＤＡ （ＵＫ） ＪＯＨＡＮＮＥＳＢ | E12: ='(新)EG'!$A13 -> TS41077211 | F12: =IFERROR(VLOOKUP(E12,'(新)EG'!$A$3:$K$84,8,0),"") -> 0E3362 | G12: =IFERROR(VLOOKUP(E12,'(旧)EG'!$A$3:$K$100,10,0),"") -> 2026/09/09 | H12: ⇒ | I12: =IFERROR(VLOOKUP(E12,'(新)EG'!$A$3:$K$84,10,0),"") -> 2026/09/09
A13: 12 | B13: =IFERROR(VLOOKUP(E13,'(新)EG'!$A$3:$K$84,2,0),"") -> 10月 | C13: =IFERROR(VLOOKUP(E13,'(新)EG'!$A$3:$K$84,4,0),"") -> EGB4010E_EX | D13: =IFERROR(VLOOKUP(E13,'(新)EG'!$A$3:$K$84,5,0),"") -> ＡＭＡＤＡ ＡＭＥＲＩＣＡ ＩＮＣ． | E13: ='(新)EG'!$A14 -> TS41077209 | F13: =IFERROR(VLOOKUP(E13,'(新)EG'!$A$3:$K$84,8,0),"") -> 0E3362 | G13: =IFERROR(VLOOKUP(E13,'(旧)EG'!$A$3:$K$100,10,0),"") -> 2026/09/11 | H13: ⇒ | I13: =IFERROR(VLOOKUP(E13,'(新)EG'!$A$3:$K$84,10,0),"") -> 2026/09/11
... A69: 86 | B69: =IFERROR(VLOOKUP(E69,'(新)EG'!$A$3:$K$84,2,0),"") | C69: =IFERROR(VLOOKUP(E69,'(新)EG'!$A$3:$K$84,4,0),"") | D69: =IFERROR(VLOOKUP(E69,'(新)EG'!$A$3:$K$84,5,0),"") | E69: ='(新)EG'!$A70 -> 0 | F69: =IFERROR(VLOOKUP(E69,'(新)EG'!$A$3:$K$84,8,0),"") | G69: =IFERROR(VLOOKUP(E69,'(旧)EG'!$A$3:$K$100,10,0),"") | H69: ⇒ | I69: =IFERROR(VLOOKUP(E69,'(新)EG'!$A$3:$K$84,10,0),"")
A70: 90 | B70: =IFERROR(VLOOKUP(E70,'(新)EG'!$A$3:$K$84,2,0),"") | C70: =IFERROR(VLOOKUP(E70,'(新)EG'!$A$3:$K$84,4,0),"") | D70: =IFERROR(VLOOKUP(E70,'(新)EG'!$A$3:$K$184,5,0),"") | E70: ='(新)EG'!$A71 -> 0 | F70: =IFERROR(VLOOKUP(E70,'(新)EG'!$A$3:$K$84,8,0),"") | G70: =IFERROR(VLOOKUP(E70,'(旧)EG'!$A$3:$K$100,10,0),"") | H70: ⇒ | I70: =IFERROR(VLOOKUP(E70,'(新)EG'!$A$3:$K$84,10,0),"")
A71: 91 | B71: =IFERROR(VLOOKUP(E71,'(新)EG'!$A$3:$K$84,2,0),"") | C71: =IFERROR(VLOOKUP(E71,'(新)EG'!$A$3:$K$84,4,0),"") | D71: =IFERROR(VLOOKUP(E71,'(新)EG'!$A$3:$K$84,5,0),"") | E71: ='(新)EG'!$A72 -> 0 | F71: =IFERROR(VLOOKUP(E71,'(新)EG'!$A$3:$K$84,8,0),"") | G71: =IFERROR(VLOOKUP(E71,'(旧)EG'!$A$3:$K$100,10,0),"") | H71: ⇒ | I71: =IFERROR(VLOOKUP(E71,'(新)EG'!$A$3:$K$84,10,0),"")
A72: 92 | B72: =IFERROR(VLOOKUP(E72,'(新)EG'!$A$3:$K$84,2,0),"") | C72: =IFERROR(VLOOKUP(E72,'(新)EG'!$A$3:$K$84,4,0),"") | D72: =IFERROR(VLOOKUP(E72,'(新)EG'!$A$3:$K$84,5,0),"") | E72: ='(新)EG'!$A73 -> 0 | F72: =IFERROR(VLOOKUP(E72,'(新)EG'!$A$3:$K$84,8,0),"") | G72: =IFERROR(VLOOKUP(E72,'(旧)EG'!$A$3:$K$100,10,0),"") | H72: ⇒ | I72: =IFERROR(VLOOKUP(E72,'(新)EG'!$A$3:$K$84,10,0),"")
A73: 93 | B73: =IFERROR(VLOOKUP(E73,'(新)EG'!$A$3:$K$84,2,0),"") | C73: =IFERROR(VLOOKUP(E73,'(新)EG'!$A$3:$K$84,4,0),"") | D73: =IFERROR(VLOOKUP(E73,'(新)EG'!$A$3:$K$84,5,0),"") | E73: ='(新)EG'!$A74 -> 0 | F73: =IFERROR(VLOOKUP(E73,'(新)EG'!$A$3:$K$84,8,0),"") | G73: =IFERROR(VLOOKUP(E73,'(旧)EG'!$A$3:$K$100,10,0),"") | H73: ⇒ | I73: =IFERROR(VLOOKUP(E73,'(新)EG'!$A$3:$K$84,10,0),"")
